Date,100 SPY,Round Robin - Daily
2018-08-08,100.0,100.00000000000001
2018-08-09,99.86336709792512,100.31383974605633
2018-08-10,99.19430307491425,100.73397358724063
2018-08-13,98.82296679880255,100.66575972729011
2018-08-14,99.453515276114,100.6027982077086
2018-08-15,98.71084272389064,100.90098452796755
2018-08-16,99.50955387136322,100.90215195139025
2018-08-17,99.8598859302219,100.97854273137042
2018-08-20,100.0735499236956,101.33709991441857
2018-08-21,100.3083119032493,101.13603092097938
2018-08-22,100.24873353478002,101.31115012399565
2018-08-23,100.11564040592522,101.33706576830141
2018-08-24,100.71815200395703,101.44875240743987
2018-08-27,101.51335854151964,101.17533632916252
2018-08-28,101.56239963805231,100.83553269712701
2018-08-29,102.1088726408349,100.83189505991974
2018-08-30,101.6954927669071,100.98636853304951
2018-08-31,101.69900909792042,100.91141649262704
2018-09-04,101.52386065014612,100.53061134146584
2018-09-05,101.25063000930653,100.4112841656455
2018-09-06,100.94584615817392,100.66230865200244
2018-09-07,100.74970521425001,100.04664399315509
2018-09-10,100.92481849871417,100.23513102840403
2018-09-11,101.25763922912647,99.73134305050166
2018-09-12,101.2821597773928,99.8814354147647
2018-09-13,101.8811902077214,99.95841182198666
2018-09-14,101.89870153616782,99.72400795966864
2018-09-17,101.35920258989499,99.74063082348911
2018-09-18,101.90920364479432,99.20415654685745
2018-09-19,102.01783483089963,98.9819103645857
2018-09-20,102.84454769434177,99.15031550621947
2018-09-21,102.75057960856205,99.16845458587093
2018-09-24,102.40922591489071,99.01190502563448
2018-09-25,102.31423809311714,98.93928689588476
2018-09-26,102.0080828728893,99.32563520556636
2018-09-27,102.29310494372697,99.37180155825256
2018-09-28,102.30366565787035,99.32328604310135
2018-10-01,102.65907295449162,99.01556842421375
2018-10-02,102.59924844285139,99.28845398769448
2018-10-03,102.65555662347828,98.43127549284252
2018-10-04,101.85323537616533,98.06231508676129
2018-10-05,101.2831443500765,97.8364495059141
2018-10-08,101.2831443500765,97.81876783610508
2018-10-09,101.13534123648259,98.00173909397553
2018-10-10,97.93309476980919,97.94389763917187
2018-10-11,95.77596634636792,98.26709417289389
2018-10-12,97.1061592054029,98.2278123262669
2018-10-15,96.56070007806248,98.1986534774383
2018-10-16,98.67206931391688,98.27009962407227
2018-10-17,98.68965096898357,97.98997953173041
2018-10-18,97.26448786983006,98.05804852242936
2018-10-19,97.21173704407833,97.9499904024079
2018-10-22,96.77536622587499,97.92692682792887
2018-10-23,96.28270480869982,98.11543710718315
2018-10-24,93.36546283120903,98.43947781392265
2018-10-25,95.04049055161853,98.27453703604914
2018-10-26,93.368967441119,98.55303918124777
2018-10-29,92.85169756740217,98.4922788270876
2018-10-30,94.22759686905884,98.23307452579253
2018-10-31,95.23405285279931,97.91179278581612
2018-11-01,96.24750633525635,98.08500059216027
2018-11-02,95.67746219358104,97.25827112914767
2018-11-05,96.20527519978619,97.4721627935723
2018-11-06,96.81406344867678,97.3849805738993
2018-11-07,98.88676476448785,97.44122629975334
2018-11-08,98.70726778736041,97.36673250433994
2018-11-09,97.74308396295191,97.89385856683036
2018-11-12,95.91671921628011,98.3445407224163
2018-11-13,95.73727498411789,98.32103821424431
2018-11-14,95.08272754764037,98.46966944498672
2018-11-15,96.07508304401739,98.48135039890514
2018-11-16,96.32492422306663,98.88471911043706
2018-11-19,94.69565569024402,99.08418553632497
2018-11-20,92.94319250036918,99.03847512497754
2018-11-21,93.2598908530853,99.07834982440622
2018-11-23,92.63704314069304,99.1369525312675
2018-11-26,94.13260904728523,99.03756968951416
2018-11-27,94.44930740000136,99.08349394609243
2018-11-28,96.62404092071606,98.90467197612222
2018-11-29,96.41288524336521,99.10332461257187
2018-11-30,97.00055792452072,99.31673710232562
2018-12-03,98.28499159596882,99.81152094484122
2018-12-04,95.10030920270704,100.74038598691256
2018-12-06,94.95605758343662,101.05404938224157
2018-12-07,92.74964192029175,101.20850415669517
2018-12-10,92.92559326364741,101.51942683381472
2018-12-11,92.94672641303755,101.49276487879541
2018-12-12,93.41473248925755,101.22311567346664
2018-12-13,93.38306792848245,101.19342906056366
2018-12-14,91.65875882892107,101.37393165048152
2018-12-17,89.86056575421779,101.76853978704422
2018-12-18,89.7620381592241,102.2201757963241
2018-12-19,88.41778583668747,102.94889642234749
2018-12-20,86.97853397127386,101.44490690699688
2018-12-21,85.19636364488801,99.96778803284792
2018-12-24,82.9452261118052,97.01556454434446
2018-12-26,87.13601871625782,101.83830949855378
2018-12-27,87.80501241264842,103.06448067383928
2018-12-28,87.69174553015718,102.64974288504632
2018-12-31,88.45981185284855,103.50757533363024
2019-01-02,88.55184009601925,104.50046405751402
2019-01-03,86.43874199741663,102.11822040121866
2019-01-04,89.33407723269436,105.80670595956133
2019-01-07,90.03845107963082,106.54067221755
2019-01-08,90.8843806920608,107.41310491968436
2019-01-09,91.30913003626507,108.16289656808874
2019-01-10,91.63123767819005,108.85844627633755
2019-01-11,91.66660610763253,108.62688580569564
2019-01-14,91.10738054437492,108.53781704361515
2019-01-15,92.15154331768174,108.61445668183337
2019-01-16,92.3745138672374,109.29114374266581
2019-01-17,93.07534794095376,110.64147540707057
2019-01-18,94.31419238081392,112.66229304798365
2019-01-22,93.0399619298562,110.7527033737401
2019-01-23,93.23463773585787,110.35264677459982
2019-01-24,93.28419456093914,110.5571525006493
2019-01-25,94.07349366239937,112.01001970826061
2019-01-28,93.35853565911277,111.33359426566446
2019-01-29,93.23463773585787,111.99547090318913
2019-01-30,94.71063526036082,113.28787222187542
2019-01-31,95.5423881982554,113.12682108760245
2019-02-01,95.58841697121997,113.86711867181951
2019-02-04,96.26091527752052,114.37355215831207
2019-02-05,96.66445528516267,114.79716376431438
2019-02-06,96.53701172813598,114.3898313181796
2019-02-07,95.61675273863575,112.88178352048493
2019-02-08,95.73353595214034,112.62594882300547
2019-02-11,95.7866384109934,113.04093368310285
2019-02-12,97.01840330441341,114.88585114489415
2019-02-13,97.33341381824314,115.5282500892447
2019-02-14,97.11749351236921,114.99355380086459
2019-02-15,98.17580951800474,116.60878821291213
2019-02-19,98.345683469259,116.83165609422261
2019-02-20,98.54394593289427,117.69260895927013
2019-02-21,98.19351424465687,117.3145639937672
2019-02-22,98.80232593575421,117.96494721409978
2019-02-25,98.93679043370419,118.5359327753545
2019-02-26,98.86604185371587,118.25907514888
2019-02-27,98.82355285397139,118.4101598952628
2019-02-28,98.63948464652661,117.78723407218692
2019-03-01,99.25537002351246,118.16503307316935
2019-03-04,98.89430143395971,117.86793041206133
2019-03-05,98.75983693600973,117.34122731077883
2019-03-06,98.16165628567603,116.7877524249998
2019-03-07,97.34049336468328,115.79594329311321
2019-03-08,97.14579411647487,115.76997298397333
2019-03-11,98.5545418103478,117.35076889950916
2019-03-12,98.9261828351473,117.4587788070314
2019-03-13,99.58101743865753,118.251417603229
2019-03-14,99.51728979959249,118.10408121743004
2019-03-15,100.00896664408393,118.60068200022667
2019-03-18,100.37157069817917,119.38535641294229
2019-03-19,100.39646632175359,119.06793900607107
2019-03-20,100.09428455557085,118.48438605597431
2019-03-21,101.2248201396686,119.20196847584808
2019-03-22,99.27659694172961,116.00916726267043
2019-03-25,99.2019452343165,115.91076397854079
2019-03-26,99.94141792531771,117.04172623770428
2019-03-27,99.41880908901231,116.70292531914198
2019-03-28,99.79564256260818,117.5635655337328
2019-03-29,100.42491343965146,118.17258702698925
2019-04-01,101.61588303276508,120.33737878363169
2019-04-02,101.66567427991392,120.31371025669728
2019-04-03,101.82564389881396,120.75333342099157
2019-04-04,102.0958036105686,121.36678505518651
2019-04-05,102.59000049228625,122.08084208522587
2019-04-08,102.66819197291947,122.37783043424267
2019-04-09,102.14205508449734,121.384480096176
2019-04-10,102.49044144019534,121.78568976504295
2019-04-11,102.46199432229746,121.9364095203282
2019-04-12,103.15525070268005,123.194063701797
2019-04-15,103.08770198391387,122.663681635406
2019-04-16,103.15525070268005,123.59025667134846
2019-04-17,102.90283674143942,123.60895051154831
2019-04-18,103.10549461884136,123.49736888574108
2019-04-22,103.194340582445,123.92271084739208
2019-04-23,104.12223001024417,124.54411043099867
2019-04-24,103.89117189935784,123.78216107118126
2019-04-25,103.827139511605,123.34016661106004
2019-04-26,104.31065846814549,123.35989840785976
2019-04-29,104.47420302357573,123.65585425554112
2019-04-30,104.52753404394468,124.06596990016732
2019-05-01,103.74184504232483,123.99870599669202
2019-05-02,103.51786647787868,123.86482692579064
2019-05-03,104.53108553826814,124.02306046264239
2019-05-06,104.10090932319996,124.11238097699206
2019-05-07,102.36245871241327,124.14854505340372
2019-05-08,102.22024656513058,124.11156874010315
2019-05-09,101.91095008919753,124.17956658668196
2019-05-10,102.42286927922241,124.2001878972947
2019-05-13,99.84898530408053,124.34010618843106
2019-05-14,100.75197910830529,124.35236869960039
2019-05-15,101.34213666337686,124.44446908233942
2019-05-16,102.28066885304308,124.38346398054529
2019-05-17,101.61944624819195,124.40191326783246
2019-05-20,100.9475222759569,124.3369085596991
2019-05-21,101.8576190688286,124.26812750095428
2019-05-22,101.54477109857207,124.37747794781424
2019-05-23,100.30404542161975,124.6211865512348
2019-05-24,100.53155203818261,124.58060244954522
2019-05-28,99.59657134283988,124.72213018040557
2019-05-29,98.92822230713506,124.72581987139046
2019-05-30,99.19840546109643,125.06092856974293
2019-05-31,97.8616956685834,125.59639170359907
2019-06-03,97.61280975945945,125.9180532508984
2019-06-04,99.73168050147562,125.52295936579155
2019-06-05,100.59559614703883,125.38631367368211
2019-06-06,101.24969232103626,125.45338770539503
2019-06-07,102.26288793921898,126.00865775478599
2019-06-10,102.73218919736222,125.40895047509467
2019-06-11,102.70731701599455,125.44878602397732
2019-06-12,102.5259798256368,125.51787152043974
2019-06-13,102.94904133095467,125.77897907236749
2019-06-14,102.83528802267325,125.90499680170787
2019-06-17,102.87440134464494,126.0153743687423
2019-06-18,103.951582466167,126.30932937256893
2019-06-19,104.18621551358355,126.5026029595904
2019-06-20,105.18166538125229,126.66661707381519
2019-06-21,105.02876358768904,125.98562392303789
2019-06-24,104.9001830836347,126.46080095125615
2019-06-25,103.87132807133926,126.67494261799214
2019-06-26,103.76771351747962,126.23625754805758
2019-06-27,104.1356741158185,126.70264681896043
2019-06-28,104.67151607783744,126.67687476070937
2019-07-01,105.62178109198481,126.4946020404539
2019-07-02,105.89685194605474,127.00585646854572
2019-07-03,106.74351412744583,127.25534622763699
2019-07-05,106.62208349645195,126.70325870476834
2019-07-08,106.03619242300987,126.72089674417643
2019-07-09,106.16837130580117,126.69070934018202
2019-07-10,106.67564893888844,126.82427310542073
2019-07-11,106.92570695835016,126.69708628226634
2019-07-12,107.40443198360914,126.74682083923996
2019-07-15,107.4401344644979,126.80038001227241
2019-07-16,107.09361176423698,126.72955409080697
2019-07-17,106.36485216172304,126.88679778830486
2019-07-18,106.75423893703652,127.02867585433134
2019-07-19,106.16123315384411,126.94482700345375
2019-07-22,106.42199254068974,126.98304493124479
2019-07-23,107.18290312976896,126.94007441890535
2019-07-24,107.68662926853277,126.97470826405784
2019-07-25,107.17223692569517,126.92320927519907
2019-07-26,107.89025999751506,126.9235067390758
2019-07-29,107.69377914159321,126.95480124517448
2019-07-30,107.42944481821733,126.95612802846442
2019-07-31,106.25411117700968,126.98366968336674
2019-08-01,105.32884727636713,127.39475438846642
2019-08-02,104.53576225851589,127.44327756122141
2019-08-05,101.39206856376624,127.70398365202925
2019-08-06,102.81387356680202,127.82346201941209
2019-08-07,102.87457716119557,127.8394327507386
2019-08-08,104.8929980472641,127.84780315651054
2019-08-09,104.17852646976769,127.75797085819532
2019-08-12,102.9103382476012,127.9657788474604
2019-08-13,104.5107494239077,127.84559437972928
2019-08-14,101.42064461380129,128.02887355533682
2019-08-15,101.68855387370738,128.33942784983265
2019-08-16,103.18896059599459,128.29815813338166
2019-08-19,104.43215942575962,128.12542176858108
2019-08-20,103.6319479770547,128.25584443652056
2019-08-21,104.47504694301897,128.17033564015193
2019-08-22,104.44288423535029,128.09475681072823
2019-08-23,101.76000571989839,128.31389749683788
2019-08-26,102.88534885519977,128.26242229366002
2019-08-27,102.48165061266201,128.40784633144546
2019-08-28,103.20329550542564,128.4584697365333
2019-08-29,104.5214742334984,128.32345567649742
2019-08-30,104.47504694301898,128.35749264583006
2019-09-03,103.86416647717544,128.45333540925603
2019-09-04,105.04306333380993,128.54003709108758
2019-09-05,106.39343993286147,127.83196105383819
2019-09-06,106.47556970422963,127.87694227577279
2019-09-09,106.52919375218302,127.66458359381446
2019-09-10,106.50414575426468,127.40395919936614
2019-09-11,107.2615165701238,127.3762783692372
2019-09-12,107.63304038388954,127.29927647419287
2019-09-13,107.56157681659516,127.0172048254419
2019-09-16,107.22935386245516,127.15875475600508
2019-09-17,107.50086150109823,127.25069421939277
2019-09-18,107.56517519533216,127.21352250442769
2019-09-19,107.55802532227172,127.2474230656464
2019-09-20,107.04985688532774,127.41133920453919
2019-09-23,107.02471511858236,127.50116218074967
2019-09-24,106.18489806156391,127.67618964120709
2019-09-25,106.81294994385591,127.44948470629483
2019-09-26,106.59047168064212,127.53078345933721
2019-09-27,106.01623138395756,127.59838559286561
2019-09-30,106.50790822844898,127.64175338666811
2019-10-01,105.24100932765406,127.82541761020873
2019-10-02,103.38197200531668,127.9774673730538
2019-10-03,104.22896237760236,128.24169093040803
2019-10-04,105.63939791036168,128.27178178283077
2019-10-07,105.18359936330965,128.12833663852757
2019-10-08,103.5506621251298,128.23073028851056
2019-10-09,104.53401581411268,128.12885937749837
2019-10-10,105.24100932765407,127.9181817506851
2019-10-11,106.33204479336867,127.71115174758404
2019-10-14,106.21363820704626,127.76035320085182
2019-10-15,107.26516183327435,127.64416183104711
2019-10-16,107.09289677693101,127.75186227059024
2019-10-17,107.40874534965226,127.74048728332387
2019-10-18,106.93858845096244,127.80159464479377
2019-10-21,107.66352697377523,127.68741031940478
2019-10-22,107.31182354582134,127.74681370595239
2019-10-23,107.62406201870222,127.74346747415241
2019-10-24,107.7998902904724,127.76049712171394
2019-10-25,108.2413539280934,127.66304295733003
2019-10-28,108.851460801114,127.57000192416666
2019-10-29,108.81918088241157,127.59935848892803
2019-10-30,109.15293930109408,127.73935836050467
2019-10-31,108.86222077401482,128.0007868094864
2019-11-01,109.87069278753627,127.92357006832805
2019-11-04,110.31215642515726,127.79209971982014
2019-11-05,110.19013973899449,127.62459451792883
2019-11-06,110.2152580635331,127.71493930223355
2019-11-07,110.60282806782303,127.49317633020652
2019-11-08,110.87563674894103,127.47799811888694
2019-11-11,110.66387157421454,127.514995566702
2019-11-12,110.89715669474265,127.53192192182286
2019-11-13,110.9330232710787,127.62559649432751
2019-11-14,111.09454007562461,127.80747323729943
2019-11-15,111.89844367189353,127.75367161443506
2019-11-18,111.98097196077657,127.8191601338233
2019-11-19,111.94869204207414,127.83117446906239
2019-11-20,111.53235845009513,127.94257660172826
2019-11-21,111.35293179958796,127.86888339663811
2019-11-22,111.60056355065049,127.8532907414423
2019-11-25,112.46547549000083,127.86231524438367
2019-11-26,112.72031571964067,127.92992798680424
2019-11-27,113.2227642581363,127.85460096176732
2019-11-29,112.80286745073043,127.88167361469593
2019-12-02,111.84463208628615,127.80015422140431
2019-12-03,111.09454007562464,128.07253748080115
2019-12-04,111.77999020115766,127.948858388179
2019-12-05,111.98097196077659,127.8968630722891
2019-12-06,113.00382576814259,127.80655921016945
2019-12-09,112.64853568255509,127.81530340261614
2019-12-10,112.52292061765534,127.76509120827279
2019-12-11,112.84234412690681,127.90001048919012
2019-12-12,113.81493784298887,127.68108061822467
2019-12-13,113.88311950133746,127.86931940099895
2019-12-16,114.66549143070141,127.76435751129087
2019-12-17,114.69062147634338,127.76359332077027
2019-12-18,114.69777134940382,127.73115269787945
2019-12-19,115.16793996919702,127.78026966614658
2019-12-20,115.67286166050535,127.77758006178642
2019-12-23,115.84953385171873,127.73311209929153
2019-12-24,115.85317911486922,127.79502903354732
2019-12-26,116.46990841129828,127.85962699788944
2019-12-27,116.44105105478216,127.9580441079818
2019-12-30,115.7991096649875,127.97332356553522
2019-12-31,116.08039270384764,127.93199425951755
2020-01-02,117.16594269318144,128.025578837936
2020-01-03,116.27874893630994,128.21886952274696
2020-01-06,116.72236925695243,128.14429888763283
2020-01-07,116.39417836237438,128.14518608632406
2020-01-08,117.01450603754041,128.0684827318742
2020-01-09,117.80791924628623,128.09514050168053
2020-01-10,117.46890977329048,128.151964429028
2020-01-13,118.27678682360447,128.11302988916856
2020-01-14,118.09644592703384,128.1462581476352
2020-01-15,118.36335889315284,128.23430508028193
2020-01-16,119.34794329799035,128.2171631421165
2020-01-17,119.71940850623919,128.21531793124683
2020-01-21,119.48499815978683,128.33979261154627
2020-01-22,119.49941511694149,128.35701441124456
2020-01-23,119.63642309432446,128.42585159953916
2020-01-24,118.5725337040328,128.5354669698638
2020-01-27,116.67186302249755,128.70971124318618
2020-01-28,117.89451475804132,128.63597357507234
2020-01-29,117.79710066786853,128.79667767056827
2020-01-30,118.17939617563846,128.82541054069026
2020-01-31,116.03352001143988,129.0398109903607
2020-02-03,116.8954665116356,128.98284773481276
2020-02-04,118.67712110947284,128.79120811447953
2020-02-05,120.04757595861052,128.66776769727062
2020-02-06,120.45154378652597,128.68414889316298
2020-02-07,119.8095555123178,128.83556044915164
2020-02-10,120.70399291107678,128.91640660499
2020-02-11,120.91316772195677,128.8307942306064
2020-02-12,121.69219913685804,128.75563747985186
2020-02-13,121.56236447474228,128.79130196853814
2020-02-14,121.75709888626085,128.8507244119428
2020-02-18,121.44334839104422,128.9295988356833
2020-02-19,122.02398841017308,128.91320250852192
2020-02-20,121.52268853980846,129.0097011219064
2020-02-21,120.27121461105872,129.14609152862823
2020-02-24,116.28235903615031,129.42693609301855
2020-02-25,112.75874921761643,129.5587700280781
2020-02-26,112.34400969569678,129.60448994270826
2020-02-27,107.29848493017745,129.82711768243925
2020-02-28,106.84764440985423,130.31503759222787
2020-03-02,111.47481955361357,130.25434116256162
2020-03-03,108.28303417170486,130.83138107824368
2020-03-04,112.8344792665403,130.82923828036823
2020-03-05,109.08369102233812,131.11952306491895
2020-03-06,107.28039926766552,131.36315809959282
2020-03-09,98.90238899529051,131.8981544658111
2020-03-10,104.020115757617,131.2976812835784
2020-03-11,98.94926168769828,131.14701339211814
2020-03-12,89.48210304725248,131.23776820862008
2020-03-13,97.13156469697437,131.158194914258
2020-03-16,86.50308499440908,131.74132359988187
2020-03-17,91.17356375459765,131.01187805721648
2020-03-18,86.55717788649757,130.80779819284783
2020-03-19,86.74111130125351,130.9895051236866
2020-03-20,83.00306389642301,131.6711208335946
2020-03-23,80.88083505828911,131.97590363498276
2020-03-24,88.20890405339202,131.69591429423093
2020-03-25,89.5294035599336,134.36515052510066
2020-03-26,94.75703324808191,142.06555467877826
2020-03-27,91.93461499691742,137.01869063906148
2020-03-30,94.92025547316929,140.5146901840296
2020-03-31,93.50541280553993,139.14733884202235
2020-04-01,89.29722608367469,133.71464342640678
2020-04-02,91.35780191804143,138.26200703423197
2020-04-03,90.0373024114999,136.73175975076953
2020-04-06,96.08475881485587,145.2021490993676
2020-04-07,96.18272379688743,147.06687845278708
2020-04-08,99.41140135167771,153.0210812426375
2020-04-09,100.92417383802848,155.3682547618488
2020-04-13,100.00274273819045,153.2411200364861
2020-04-14,102.95210053893639,155.7832204184917
2020-04-15,100.76456757333314,150.23369088487692
2020-04-16,101.2507003359269,148.52928123101483
2020-04-17,103.98600734678767,156.80480845956777
2020-04-20,102.15397544663271,152.8861328217584
2020-04-21,99.0522667441823,149.37428749904097
2020-04-22,101.25070033592691,152.63500957230704
2020-04-23,101.24342153072931,154.424710266873
2020-04-24,102.65461893520818,156.08342374504255
2020-04-27,104.13473642754845,159.66930121793928
2020-04-28,103.65590591235906,162.22779032302657
2020-04-29,106.36944683424728,167.9364238164491
2020-04-30,105.3790722043411,164.66446674015455
2020-05-01,102.5893323893939,158.90803563284658
2020-05-04,102.87230326714045,159.55873558633158
2020-05-05,103.82277926114864,159.72074165188923
2020-05-06,103.11898560882938,159.30385026224494
2020-05-07,104.3632979434153,159.47217940072414
2020-05-08,106.09013294075461,159.252680947998
2020-05-11,106.11188730862379,158.87515650513816
2020-05-12,103.9969196940324,159.27989791878434
2020-05-13,102.15763243088662,159.37739083422088
2020-05-14,103.38020211870675,159.7146375015662
2020-05-15,103.8554108129524,159.86922509917966
2020-05-18,107.01881940358349,169.64237532339448
2020-05-19,105.91962604991795,166.4713918900144
2020-05-20,107.71896779275227,170.49924393098274
2020-05-21,106.9752872256384,169.37575066175006
2020-05-22,107.17844911048559,168.8622632300948
2020-05-26,108.49893689592378,175.16035313675917
2020-05-27,110.11331962745659,179.52831354971715
2020-05-28,109.91014602150602,177.5569284856619
2020-05-29,110.3999006050435,176.5798222362904
2020-06-01,110.84608784732573,178.26384721577236
2020-06-02,111.76390884732339,181.2488666376668
2020-06-03,113.25129342375789,187.0644327216167
2020-06-04,112.9538352622364,188.76244733120677
2020-06-05,115.84878370110263,196.95936438327303
2020-06-08,117.24908047944014,201.16920500891678
2020-06-09,116.37481509959436,196.34292262874428
2020-06-10,115.72544253025818,190.35834266710893
2020-06-11,109.05400146748228,174.96384857034087
2020-06-12,110.3600019691455,179.09073196871918
2020-06-15,111.39024007163951,180.75983185617298
2020-06-16,113.53426430150442,184.59854974301714
2020-06-17,113.06265398599577,181.6161897903898
2020-06-18,113.10619788504425,181.70797010651833
2020-06-19,112.45980247596603,181.76701477803846
2020-06-22,113.18123638886885,181.69780737580956
2020-06-23,113.70227459732165,181.63808749433835
2020-06-24,110.80189928759148,181.51758271109685
2020-06-25,111.98978623051674,181.5775138301787
2020-06-26,109.32985763547852,181.63644091679456
2020-06-29,110.9367154186428,181.87240950855886
2020-06-30,112.35774682885564,181.98868640962138
2020-07-01,113.14480719957069,182.14875384976966
2020-07-02,113.7678893340305,182.30095628633606
2020-07-06,115.5241677430548,182.2500609692372
2020-07-07,114.33265897918581,182.34749045465182
2020-07-08,115.20717050220252,182.31438926517808
2020-07-09,114.55129272049167,182.4559814786083
2020-07-10,115.72091818435435,186.86491812313767
2020-07-13,114.71890449879405,187.00662323613938
2020-07-14,116.20555064571575,191.07498909649263
2020-07-15,117.2731790679849,195.07665623422645
2020-07-16,116.88693354837666,195.02982134687022
2020-07-17,117.2257906470285,194.6476092324139
2020-07-20,118.17316054864158,192.598624538241
2020-07-21,118.4245899371985,197.51442697110727
2020-07-22,119.0986588713517,197.87850550767988
2020-07-23,117.67760401893209,197.5258616678754
2020-07-24,116.91970575342098,196.56552239874065
2020-07-27,117.77233397643137,197.12968588359544
2020-07-28,117.02537150037173,194.74261646643413
2020-07-29,118.46465266854376,197.81061518515367
2020-07-30,118.04197795963736,193.5252131094112
2020-07-31,118.97476680864847,193.18486379439756
2020-08-03,119.80190163181219,193.42974456948699
2020-08-04,120.26466251427063,195.21162303658002
2020-08-05,121.0116132692269,195.1125058325705
2020-08-06,121.82052177663815,195.32804544932148
2020-08-07,121.90797292893983,195.17518067354615
2020-08-10,122.27233514854173,195.06627182591606
2020-08-11,121.26301921557706,194.71186132486073
2020-08-12,122.95371805120264,194.57249149870398
2020-08-13,122.73145076784965,194.12485342607852
2020-08-14,122.73509603100014,193.93453580481568
2020-08-17,123.12496337155213,194.0247782833263
2020-08-18,123.39093864940087,194.19854439805806
2020-08-19,122.87721440945583,194.1084876843654
2020-08-20,123.25980294481019,194.198643366814
2020-08-21,123.69705870631854,194.29714252505693
2020-08-24,124.95046661712564,194.2290077986566
2020-08-25,125.3877340997374,194.12840461483884
2020-08-26,126.64479899479835,194.0931584024458
2020-08-27,126.92172178320195,193.91201093412388
2020-08-28,127.74156608006466,193.98823085514746
2020-08-31,127.27882863981299,191.90769346152564
2020-09-01,128.4776162088796,191.65520385114792
2020-09-02,130.33589165949743,194.39290374863378
2020-09-03,125.85048326109244,191.38111188195052
2020-09-04,124.82292929127193,191.43129710716187
2020-09-08,121.4124281203337,187.29456471660964
2020-09-09,123.81001497957028,189.43215524340042
2020-09-10,121.66021224574013,185.61044126362268
2020-09-11,121.72213483488497,185.66307260810444
2020-09-14,123.32535907600212,185.633152913045
2020-09-15,123.9484529315653,185.61611463225603
2020-09-16,123.45654166500631,185.61935722587927
2020-09-17,122.37072209029483,185.61522283609858
2020-09-18,120.96189234869827,185.5823116303843
2020-09-21,119.61566502024247,185.61735163816087
2020-09-22,120.83385101539933,185.62900078647368
2020-09-23,118.03160478314801,185.64125736796257
2020-09-24,118.34621091891121,185.64093697329938
2020-09-25,120.25951694988775,185.67507503873048
2020-09-28,122.25696878201343,185.67893954759938
2020-09-29,121.5911515046382,185.70737625395066
2020-09-30,122.5130162853012,185.62693708174902
2020-10-01,123.299572648571,185.62763978769823
2020-10-02,122.12891572761109,185.61231797914303
2020-10-05,124.2946239987249,185.42217156832675
2020-10-06,122.52765594342004,185.48844396317517
2020-10-07,124.6604747984558,185.40449815625118
2020-10-08,125.76528256063929,185.4723351755867
2020-10-09,126.88838696519551,185.44503245718764
2020-10-12,128.92969916616084,185.47229263911083
2020-10-13,128.08828803908298,185.5503528195431
2020-10-14,127.2834584756472,185.55783228126438
2020-10-15,127.12614954721391,185.54228312022457
2020-10-16,127.04932943567589,185.49763565664443
2020-10-19,125.11773848343,185.44804355143367
2020-10-20,125.61890942165743,185.35111861310725
2020-10-21,125.38113511853562,185.30585285015124
2020-10-22,126.06889430143407,185.21563609513686
2020-10-23,126.49692555458411,185.27911886972456
2020-10-26,124.15928041802151,185.35315373851557
2020-10-27,123.73123744376811,185.4588988853144
2020-10-28,119.50226334506235,185.39568977665334
2020-10-29,120.71681579817208,185.31131366270165
2020-10-30,119.45834437070579,185.22674117040538
2020-11-02,120.79729289396394,185.28132705448402
2020-11-03,122.93006486458619,185.25254874961666
2020-11-04,125.67746805413285,185.6055763483326
2020-11-05,128.1285265869789,185.63979428131017
2020-11-06,128.0992824340513,185.52742176259085
2020-11-09,129.70895328202624,185.14312659809588
2020-11-10,129.5186846108946,185.0054170699914
2020-11-11,130.48082310276368,185.0879409061818
2020-11-12,129.21508459120315,185.2540924007221
2020-11-13,131.0039476676177,185.2675095980558
2020-11-16,132.63922912647308,185.3494628455304
2020-11-17,131.9258476115908,185.38586996239263
2020-11-18,130.33814211134583,185.4310373201444
2020-11-19,130.88688900818372,185.5514257308181
2020-11-20,129.99061139619442,185.59880331162788
2020-11-23,130.76980690654298,185.55457193796605
2020-11-24,132.87701515069827,185.52764718089173
2020-11-25,132.6721537058613,185.49944598331047
2020-11-27,133.04164976874267,185.61939274243844
2020-11-30,132.45266432400885,185.69555172291368
2020-12-01,133.90132237488314,185.50624859995878
2020-12-02,134.1830273734649,185.4355760402911
2020-12-03,134.14643408871947,185.55091006640308
2020-12-04,135.30249823597404,185.42951424237168
2020-12-07,135.0244267794394,185.50839100568413
2020-12-08,135.419556895408,185.49849027061248
2020-12-09,134.20499272119488,185.4066003350161
2020-12-10,134.16107374683833,185.5272780690398
2020-12-11,134.0037413761983,185.6553830927611
2020-12-14,133.403820142013,185.62914501979833
2020-12-15,135.2073228765464,185.65767666965831
2020-12-16,135.41955689540802,185.60791442977288
2020-12-17,136.17678705802663,185.61952823468124
2020-12-18,135.63306851453783,185.59835169104696
2020-12-21,135.14810786228188,185.59613492043252
2020-12-22,134.92034338144472,185.68481774426698
2020-12-23,135.04157475368118,185.6397560276796
2020-12-24,135.56693804928037,185.71332135722852
2020-12-28,136.7315703231041,185.7028704187116
2020-12-29,136.47070544632805,185.71116185123526
2020-12-30,136.66542813674323,185.75064471720478
2020-12-31,137.3598097430501,185.798550093903
2021-01-04,135.4898014679511,185.76333742262796
2021-01-05,136.42294195006355,185.67164472742448
2021-01-06,137.2385549286069,185.4288903741282
2021-01-07,139.2775815144136,185.33675287702903
2021-01-08,140.0711470975033,185.28391094538955
2021-01-11,139.12695361490563,185.22833608373844
2021-01-12,139.15632669997035,185.2051068131047
2021-01-13,139.53107381716495,185.33695189188236
2021-01-14,139.04245618065514,185.28156619732107
2021-01-15,138.02846352744274,185.33910900452383
2021-01-19,139.1122436301665,185.43389909598912
2021-01-20,141.0373762544512,185.41571738914973
2021-01-21,141.16594503740214,185.357477615436
2021-01-22,140.66628612151044,185.38115286607393
2021-01-25,141.22108110769128,185.50518938752228
2021-01-26,141.0006540375686,185.48195156251526
2021-01-27,137.55454415456865,185.48195156251526
2021-01-28,138.73750823407525,185.44457938287968
2021-01-29,135.9600286932612,185.43110394745713
2021-02-01,138.22317449675455,185.45564134963195
2021-02-02,140.17768020610401,185.3610241808137
2021-02-03,140.28790546226872,185.28666249195524
2021-02-04,141.88238576026606,185.3174000568502
2021-02-05,142.44081428849398,185.26429910235728
2021-02-08,143.46948176313538,185.29716310596558
2021-02-09,143.37398993391653,185.27268279644431
2021-02-10,143.31151645291294,185.34748080238035
2021-02-11,143.5429613602107,185.33319497679273
2021-02-12,144.25204123015334,185.2520760514191
2021-02-16,144.12714115255963,185.04512142533332
2021-02-17,144.1601829429816,185.0827848083835
2021-02-18,143.54664178667133,185.09953731947007
2021-02-19,143.29314948391988,185.00800341914317
2021-02-22,142.19099069109976,184.95171472232136
2021-02-23,142.36365426495797,184.98332982581758
2021-02-24,143.93240674104106,184.90603642913504
2021-02-25,140.46423774148408,184.34872943571585
2021-02-26,139.74048305011246,184.71991906959687
2021-03-01,143.1278115996728,184.70384811191894
2021-03-02,142.01096626432033,184.7892122154749
2021-03-03,140.12994015204626,184.58834307472043
2021-03-04,138.39586151281947,184.46603684943568
2021-03-05,140.94187270412897,184.41835917904734
2021-03-08,140.24014196600422,184.2385568846418
2021-03-09,142.2424346138249,184.35527784296508
2021-03-10,143.12781159967287,184.45308756179986
2021-03-11,144.57901312998013,184.18859161799912
2021-03-12,144.77372409929194,183.24141952223945
2021-03-15,145.63708885299638,183.4895434364564
2021-03-16,145.45338399975634,183.16228934399982
2021-03-17,145.94937421029078,182.4830133321335
2021-03-18,143.82588535354378,181.59082572153721
2021-03-19,143.5597577013511,182.1385383862365
2021-03-22,144.70606989059536,183.1028887753768
2021-03-23,143.5671419964791,184.15475215727008
2021-03-24,142.8373040524544,184.69421437289466
2021-03-25,143.640856015622,183.95710783675804
2021-03-26,145.95559811618438,183.46150537390935
2021-03-29,145.8818723759381,182.53516044068647
2021-03-30,145.4948649846103,182.96518368689212
2021-03-31,146.0846123010637,182.47512318889957
2021-04-01,147.66216732578349,184.0662581305166
2021-04-05,149.7815889596584,183.53286359537125
2021-04-06,149.693153234673,184.3706787949077
2021-04-07,149.8663794214933,183.73045094191522
2021-04-08,150.5777449065946,184.7000569855818
2021-04-09,151.6724725198732,184.19180632169372
2021-04-12,151.727784406713,184.10238043909027
2021-04-13,152.17745281669843,185.05324762389543
2021-04-14,151.65775081403072,184.69181062224305
2021-04-15,153.2869255780263,186.59557441430866
2021-04-16,153.7992667277728,185.73918125337488
2021-04-19,153.0436306352136,185.40106427760296
2021-04-20,151.9231400367106,186.07198906740092
2021-04-21,153.3606395971692,186.27868877625733
2021-04-22,151.95999118573036,186.7058843412457
2021-04-23,153.60757980313247,186.41873849333624
2021-04-26,153.92826919154874,186.2197820245455
2021-04-27,153.8950984689896,185.12860731936922
2021-04-28,153.85086302484183,185.33745131492992
2021-04-29,154.83133332239376,184.94124502928554
2021-04-30,153.8140001547187,185.245001832251
2021-05-03,154.1457425436202,185.42319193325432
2021-05-04,153.19477426327018,186.08399596096552
2021-05-05,153.24269013387857,186.3370531814935
2021-05-06,154.46643193203647,186.49980656413504
2021-05-07,155.59062639920683,186.14974851811547
2021-05-10,154.0499225235068,185.1310754969855
2021-05-11,152.67506053949907,184.50352589255488
2021-05-12,149.43145615955717,183.1791669727512
2021-05-13,151.22648453634847,183.5647775473675
2021-05-14,153.54862265314222,184.4951023620172
2021-05-17,153.15792311425042,184.24431007639302
2021-05-18,151.8383612959791,184.03515481482148
2021-05-19,151.44026574085592,183.61366147720886
2021-05-20,153.06946394705827,184.61650682991248
2021-05-21,152.9441184675362,184.91432808229897
2021-05-24,154.50329480215964,185.30491592653453
2021-05-25,154.1604876916695,186.44296486324356
2021-05-26,154.4664319320365,186.20428796849745
2021-05-27,154.54751852520405,185.69156211496454
2021-05-28,154.82397246947255,185.54241348143182
2021-06-01,154.68760915277537,185.52887626962888
2021-06-02,154.93084549007122,185.8142962169868
2021-06-03,154.3558550427705,185.2610217851514
2021-06-04,155.76756817579798,186.90219104464433
2021-06-07,155.61642454774142,186.56407236498177
2021-06-08,155.64959527030052,187.39145203033425
2021-06-09,155.41738849128316,188.41693095185866
2021-06-10,156.1398421401799,189.21244473519508
2021-06-11,156.39784706773176,188.9758816817556
2021-06-14,156.74800331003976,188.03126216222506
2021-06-15,156.46051980749277,187.9405211667784
2021-06-16,155.58695769384966,187.26936250532725
2021-06-17,155.53533795457386,188.82147925426239
2021-06-18,153.43710807560598,190.90074691687755
2021-06-21,155.63371317522362,189.15686025401712
2021-06-22,156.465770861806,189.5207890135872
2021-06-23,156.277166587354,189.12578454800678
2021-06-24,157.20164517407025,189.26951213040348
2021-06-25,157.76005026009142,188.16233816273433
2021-06-28,158.07807895804092,189.32907725762738
2021-06-29,158.16313900525353,189.51902987152909
2021-06-30,158.2962790185218,190.079461197275
2021-07-01,159.17267763918235,190.0130328098904
2021-07-02,160.38933989090006,190.86772150789324
2021-07-06,160.0971913892087,192.35642591823847
2021-07-07,160.66299249146127,193.54091756496157
2021-07-08,159.3538976185063,194.04685598115825
2021-07-09,161.05496963062126,192.30227243454598
2021-07-12,161.63184717556584,192.1145861395315
2021-07-13,161.08084982687944,191.0634507578556
2021-07-14,161.32122621495108,192.5634086260444
2021-07-15,160.77020542405788,193.87543327791005
2021-07-16,159.50921395936535,193.65922000534792
2021-07-19,157.15357692911786,196.4890550086454
2021-07-20,159.40565801102258,195.4564937623179
2021-07-21,160.69626870395078,193.79770071368534
2021-07-22,161.03278158192705,194.95574531259496
2021-07-23,162.6894657755503,194.23246956098424
2021-07-26,163.088850652045,193.80800889860075
2021-07-27,162.34556860244598,195.24624757103462
2021-07-28,162.2789692930534,195.39320972252565
2021-07-29,162.9520302123161,194.55888400935066
2021-07-30,162.16067991776475,195.21149043184732
2021-08-02,161.8204631711211,196.36623716333622
2021-08-03,163.13693061810068,196.4483170370299
2021-08-04,162.3344687175472,196.59425599579097
2021-08-05,163.36252669481294,195.81237486543236
2021-08-06,163.63247542670678,193.79350592422873
2021-08-09,163.49934713454186,193.2796346127992
2021-08-10,163.70270827814647,192.70344210246907
2021-08-11,164.1094891708726,192.72681276326423
2021-08-12,164.60133011081132,192.48004564887586
2021-08-13,164.90088634983744,194.3497498958823
2021-08-16,165.2891830625368,194.77215765620852
2021-08-17,164.20568426629413,194.69915219148595
2021-08-18,162.40844060096444,194.95647507077564
2021-08-19,162.65988171062475,195.8050510881083
2021-08-20,163.95418455111692,195.7954006813325
2021-08-23,165.39643115844353,195.75216406314183
2021-08-24,165.65897215300262,194.8288360041129
2021-08-25,166.00658491587762,193.74433161036544
2021-08-26,165.02661862577094,194.0134782595569
2021-08-27,166.50211800338033,194.8735546897971
2021-08-30,167.23432361028733,195.31997512716464
2021-08-31,166.98655120598428,194.5738883932886
2021-09-01,167.0752916796575,194.73276204041608
2021-09-02,167.58933238939375,195.22433757850317
2021-09-03,167.54863671846607,194.2389272920965
2021-09-07,166.94957112482734,193.1483855417672
2021-09-08,166.74617481791262,193.93143362070535
2021-09-09,166.03246511213575,195.27715181069254
2021-09-10,164.72335851807742,194.23567308579953
2021-09-13,165.1449431643697,194.90968760052158
2021-09-14,164.25375251124638,196.28578021789733
2021-09-15,165.6256842194097,195.79757963471076
2021-09-16,165.3631432248506,195.12515167774586
2021-09-17,163.75233542984802,194.43203151491306
2021-09-20,161.02188095578566,195.98488847327607
2021-09-21,160.86978791835548,195.85266035083617
2021-09-22,162.43903268078043,196.42091692453812
2021-09-23,164.4126789519458,193.59745519065933
2021-09-24,164.6834950454896,192.46942271018804
2021-09-27,164.21235357411604,191.90193903606038
2021-09-28,160.9031696207754,190.19666507370357
2021-09-29,161.1739857143192,190.48138474543848
2021-09-30,159.20405503292457,190.56096128959436
2021-10-01,161.09608726127044,191.62028145149392
2021-10-04,159.0185685719711,191.2929878265241
2021-10-05,160.67315468808974,190.2092180070859
2021-10-06,161.3409059475223,190.69918868943228
2021-10-07,162.73582273940943,189.42184847024285
2021-10-08,162.43903268078049,188.6401174669794
2021-10-11,161.26300749447356,188.15771196273948
2021-10-12,160.86606060748142,190.03642369927482
2021-10-13,161.44481352896642,191.03335309403758
2021-10-14,164.1603939228424,191.54400113331548
2021-10-15,165.4106254146341,190.60631399415524
2021-10-18,165.9003213926547,190.84933855432925
2021-10-19,167.18020727599222,189.3560545036312
2021-10-20,167.836858650526,188.72402728203463
2021-10-21,168.27460669837626,188.3639551937726
2021-10-22,168.10025528563165,189.54371205947757
2021-10-25,169.0017253464173,189.53206770872302
2021-10-26,169.15385354715758,190.32243791939922
2021-10-27,168.40446480269873,192.35860829909993
2021-10-28,170.0293613639614,191.7887680419272
2021-10-29,170.37439548409336,192.08378045899954
2021-11-01,170.66746995295154,191.4291583445841
2021-11-02,171.3574913088019,192.09290584519596
2021-11-03,172.40364666968293,190.9190797158901
2021-11-04,173.21611839252105,192.3253718871838
2021-11-05,173.8171179682171,194.1027862899054
2021-11-08,173.96549541587652,193.55949674828025
2021-11-09,173.39049324747242,195.11859139516514
2021-11-10,171.99558817668867,192.61604858759446
2021-11-11,172.051228254423,192.22041189614077
2021-11-12,173.3496920866143,192.01723962596742
2021-11-15,173.40903603301606,190.54874414189845
2021-11-16,174.09534179909568,190.24161433690855
2021-11-17,173.67243266812173,191.25414311001168
2021-11-18,174.2622971956089,191.65055008946547
2021-11-19,173.9506682201037,192.78454718291908
2021-11-22,173.46097224208307,191.09129492364391
2021-11-23,173.69098717476876,189.48843914680512
2021-11-24,174.15472090880755,191.1152241126207
2021-11-26,170.27052306595945,194.4565929797863
2021-11-29,172.35914164015756,193.5682968757024
2021-11-30,169.00545265729147,195.43839642888537
2021-12-01,167.12828278802866,196.12495232228608
2021-12-02,169.68805455470368,195.98124224844256
2021-12-03,168.21155888330716,197.55764538335748
2021-12-06,170.20372449780945,195.8561361719019
2021-12-07,173.72438059829213,194.76844689519612
2021-12-08,174.18438702145679,192.9769574355765
2021-12-09,173.00836183514983,193.7116543255497
2021-12-10,174.63699742839003,193.5408196312777
2021-12-13,173.0899993201761,195.24804092986
2021-12-14,171.89913521699287,194.87522994052063
2021-12-15,174.58506121932305,193.85514321798905
2021-12-16,173.04548256954726,194.19750722817912
2021-12-17,171.2037573168989,195.3955555094844
2021-12-20,169.38328242467443,194.68366392771387
2021-12-21,172.39137467444647,193.99198085651437
2021-12-22,174.11505669497717,194.4868452383294
2021-12-23,175.19841483797933,193.51947857994008
2021-12-27,177.677850162103,193.73254125897205
2021-12-28,177.53266085456235,193.39235974227915
2021-12-29,177.759757232507,191.9769766497447
2021-12-30,177.26833825228988,193.03869534256597
2021-12-31,176.82157667594214,193.07853322898058
2022-01-03,177.84537989268176,189.99801038434555
2022-01-04,177.78580152421245,189.58320646948667
2022-01-05,174.37192467550142,188.74509982518757
2022-01-06,174.20812225579684,188.7251630986695
2022-01-07,173.5194136635248,187.81194625207507
2022-01-10,173.30347577599585,187.98450702565884
2022-01-11,174.88196848898585,188.7196984813073
2022-01-12,175.3547509148323,188.41480341370234
2022-01-13,172.93863299115543,189.116501351816
2022-01-14,173.00934640783365,187.6525877120884
2022-01-18,169.94544998487999,186.67635490569427
2022-01-19,168.18080270804393,187.00972622736674
2022-01-20,166.3193742806175,187.17823477111253
2022-01-21,163.05440232921788,187.72803617266632
2022-01-24,163.74684995346743,187.7295256330142
2022-01-25,161.7476751191452,187.56401318711232
2022-01-26,161.34187879910283,186.84200009914565
2022-01-27,160.54519540251462,186.9963965420742
2022-01-28,164.53237485964,187.24519654165073
2022-01-31,167.4957862633359,187.22970270345968
2022-02-01,168.62755256328833,187.18414356929478
2022-02-02,170.2656119236443,187.2808654639341
2022-02-03,166.26352322302236,187.088947138372
2022-02-04,167.0453208183208,186.58973118417543
2022-02-07,166.50923271313093,186.64502855572607
2022-02-08,167.87924216034025,186.41520335992794
2022-02-09,170.33633706142587,186.46386365099085
2022-02-10,167.27614450713958,185.59205573210363
2022-02-11,163.97767364228625,186.1917562004401
2022-02-14,163.44157381599302,185.8022824587034
2022-02-15,166.07738038027972,185.77069811235953
2022-02-16,166.26352322302236,185.98666758542063
2022-02-17,162.71188824631218,186.19943208519788
2022-02-18,161.65833686919976,186.27540831571804
2022-02-22,159.9234611949433,186.19251889667368
2022-02-23,157.08664942883087,185.96285314889468
2022-02-24,159.45066704799348,186.11838800770897
2022-02-25,162.9687796690432,186.10399796163978
2022-02-28,162.5518131374818,186.6193054476044
2022-03-01,160.07609340312885,187.18074210094824
2022-03-02,163.02090341576422,186.39910209068404
2022-03-03,162.2092990545761,186.4970599004952
2022-03-04,160.89142507519117,186.90370407176815
2022-03-07,156.1484805933694,186.638400211768
2022-03-08,154.96459054669597,186.27133860098388
2022-03-09,159.11932317660683,186.0540799360297
2022-03-10,158.4007960973417,185.83378073790792
2022-03-11,156.3867237406263,185.74504144718375
2022-03-14,155.24381067136162,186.108411493154
2022-03-15,158.65768752007267,188.90538685311884
2022-03-16,162.175788420019,190.75329468237882
2022-03-17,164.2047700202309,193.23599230172746
2022-03-18,166.003267843622,194.32234518622937
2022-03-21,165.9547307545346,194.31256190995416
2022-03-22,167.89662455664958,195.86246695711264
2022-03-23,165.73437401103223,193.97567662170195
2022-03-24,168.23272719600763,195.80063265733344
2022-03-25,169.05430621617026,196.95624723374195
2022-03-28,170.25679765390421,198.38101996932826
2022-03-29,172.36302132537574,200.58292825737823
2022-03-30,171.2987099753625,200.00950545372316
2022-03-31,168.66218842376972,197.56046863403117
2022-04-01,169.14019846172263,198.44908855955686
2022-04-04,170.58916126128474,199.13020890850103
2022-04-05,168.43437705851903,197.17137855482838
2022-04-06,166.75015999306137,195.94314047576984
2022-04-07,167.5904107309048,196.55859143358296
2022-04-08,167.14227778546186,196.29914054057286
2022-04-11,164.2854346536768,194.31737674560546
2022-04-12,163.67672259195814,194.7542410755476
2022-04-13,165.55140758730485,195.11038347385482
2022-04-14,163.4899936940466,194.0470199932428
2022-04-18,163.5572259430216,193.5196270279803
2022-04-19,166.19747480548853,192.5996013790068
2022-04-20,166.07420396126432,193.4560895289113
2022-04-21,163.59081862530232,192.53674540535343
2022-04-22,159.10201110691776,192.49329645389818
2022-04-25,160.02445022164628,193.35696470844852
2022-04-26,155.3900079937927,193.75282205503328
2022-04-27,155.82691212219973,193.09864040370738
2022-04-28,159.76301101080472,193.05787821669932
2022-04-29,153.8588802595523,192.20060432406854
2022-05-02,154.7850232429482,191.67900330442913
2022-05-03,155.49456023592253,191.95640343704935
2022-05-04,160.22981567392847,192.93526552252126
2022-05-05,154.53481284914255,191.77437178604492
2022-05-06,153.61239717662085,191.18716780563466
2022-05-09,148.6941401515775,191.89740080892446
2022-05-10,149.03772085489058,190.5285691464132
2022-05-11,146.67008141478428,189.47418257294646
2022-05-12,146.51696864136022,189.10652118386972
2022-05-13,150.01987899132897,191.83317159044236
2022-05-16,149.4111669296103,191.4966458631376
2022-05-17,152.48461605181686,194.8910870547796
2022-05-18,146.3377295285071,187.08691970562836
2022-05-19,145.44145191651782,185.85520902893361
2022-05-20,145.5049334124119,185.25504885382725
2022-05-23,148.22734720955714,189.3239627086945
2022-05-24,147.09580361056888,189.703834351683
2022-05-25,148.39539266868445,190.58028561967262
2022-05-26,151.36055051678363,194.02963684167065
2022-05-27,155.0762926618862,197.5425749393815
2022-05-31,154.20618827373954,195.9045482810034
2022-06-01,152.9588753366889,194.18151672993898
2022-06-02,155.8717453426198,198.29228181763756
2022-06-03,153.3136496937278,195.719434374012
2022-06-06,153.7804660779549,196.53102368771613
2022-06-07,155.25554349584272,198.51082528877026
2022-06-08,153.5675991195109,195.1483306045502
2022-06-09,149.91530330699229,190.50565573326338
2022-06-10,145.56841490830598,183.6500001411083
2022-06-13,140.04144582154402,176.74655369298443
2022-06-14,139.61945093663354,176.5015745674785
2022-06-15,141.60992871224943,179.59311043761227
2022-06-16,136.92318692112417,172.9346914450417
2022-06-17,137.21837118859037,173.81766476702813
2022-06-21,140.67263895954127,177.82634441160678
2022-06-22,140.41761119224736,177.20687786866043
2022-06-23,141.79406724631446,178.17029492169385
2022-06-24,146.30223802747912,184.66939093491712
2022-06-27,145.74341098173633,183.6081509864943
2022-06-28,142.76546540985197,179.41049165733557
2022-06-29,142.6491920643443,178.95163889903347
2022-06-30,141.49027968896894,177.44104744453242
2022-07-01,142.9867481205212,179.3511108925582
2022-07-05,143.25677890013867,180.09004187643882
2022-07-06,143.74061432647036,180.47561637858627
2022-07-07,145.893441104972,183.75954474305706
2022-07-08,145.77342872748684,183.4784693696373
2022-07-11,144.10817640729445,180.91044239288146
2022-07-12,142.83296724420464,179.59529709461515
2022-07-13,142.08285179133637,178.9009481858831
2022-07-14,141.7377942289977,178.1615984982586
2022-07-15,144.44572074236794,181.86932057675875
2022-07-18,143.25303986816115,181.1175797500977
2022-07-19,147.1236177888843,186.86052311630894
2022-07-20,148.0612591746938,188.8901902905593
2022-07-21,149.56899158659215,191.27805781792915
2022-07-22,148.18128327328236,189.91303167390882
2022-07-25,148.36131942116518,189.7341209632462
2022-07-26,146.60604902703136,186.520231139936
2022-07-27,150.41288758758608,191.73058073980377
2022-07-28,152.2994108973444,194.63582924463873
2022-07-29,154.51975123130205,198.96017600573623
2022-08-01,154.06218279764,198.73955111618957
2022-08-02,153.0457638760284,196.97328672485443
2022-08-03,155.44238960478802,200.69013984984795
2022-08-04,155.33739196072978,201.14343934873082
2022-08-05,155.07482752396396,200.60944610689916
2022-08-08,154.8948148182879,200.3634785872317
2022-08-09,154.27970303412496,199.1340580544584
2022-08-10,157.52021304277514,204.10713993381174
2022-08-11,157.52021304277514,204.52362639492645
2022-08-12,160.18685783004887,208.2713297728884
2022-08-15,160.84696693007908,209.0688121305714
2022-08-16,161.16201846777065,210.12211553337954
2022-08-17,160.01807394140874,208.49983293976618
2022-08-18,160.48316732343937,209.0230994454634
2022-08-19,158.32657807075344,205.28221602117523
2022-08-22,155.02984192920002,200.3202037520912
2022-08-23,154.65477834221417,200.2173658311847
2022-08-24,155.1498425855818,200.8927545721399
2022-08-25,157.34018861599571,203.88762073952293
2022-08-26,152.01436538429996,196.47834188300624
2022-08-29,151.00923388524117,194.9965093092704
2022-08-30,149.35147135010718,192.98021935375203
2022-08-31,148.2150400510104,191.2654654341864
2022-09-01,148.68012171193763,191.68031720899742
2022-09-02,147.11236552964166,189.77829932271038
2022-09-06,146.55730095808318,189.32819994990274
2022-09-07,149.19018896762887,193.2334882616715
2022-09-08,150.1653378842473,194.84533788959143
2022-09-09,152.49820081063174,197.80704900116518
2022-09-12,154.13718613815453,199.93617141124867
2022-09-13,147.43491857349505,190.9618056910372
2022-09-14,147.9975198145255,191.51244351084688
2022-09-15,146.31724103980275,190.2948187733857
2022-09-16,145.20099348072253,187.7409892315977
2022-09-19,146.3270281611232,190.35137521365442
2022-09-20,144.647417489293,187.3470916301985
2022-09-21,142.12421556515667,183.62077789573937
2022-09-22,140.93038602281885,180.54617867826636
2022-09-23,138.56913458405342,177.0213049694789
2022-09-26,137.19830465960763,175.04055445702178
2022-09-27,136.84808981178273,174.94359321241657
2022-09-28,139.5407437274517,179.07850461431414
2022-09-29,136.6258811339466,175.53356890947703
2022-09-30,134.51316397120377,173.5779273516612
2022-10-03,138.06448247812273,177.51232711929285
2022-10-04,142.3426266054983,183.88821669899392
2022-10-05,142.01123584969812,182.49413308120359
2022-10-06,140.54627374402537,180.52453250915121
2022-10-07,136.6258811339466,175.92425424670327
2022-10-10,135.5827029333235,175.70279112672972
2022-10-11,134.72405006317692,174.43640988335497
2022-10-12,134.27967959191824,173.98650972932256
2022-10-13,137.82347315046866,178.883419047067
2022-10-14,134.6826394049432,173.69490992857553
2022-10-17,138.14357648371603,178.95579586876116
2022-10-18,139.76671487947206,181.54638632889467
2022-10-19,138.77626992294563,179.62681278925928
2022-10-20,137.61257533739212,177.73776166018945
2022-10-21,140.95675850541883,183.08104809692065
2022-10-24,142.6815657518738,184.2494262465302
2022-10-25,144.96000759527516,187.97434983115718
2022-10-26,143.8678469036363,186.99538646551795
2022-10-27,143.0996223460493,186.54488068794456
2022-10-28,146.50402854323107,190.24133491630857
2022-10-31,145.4458004458709,188.5901652643492
2022-11-01,144.80934453245703,187.9635152678998
2022-11-02,141.1751812668639,182.7496041920635
2022-11-03,139.72151830484728,181.01856674010736
2022-11-04,141.73254317468445,183.77785778589438
2022-11-07,143.08829976018637,185.1777385709396
2022-11-08,143.8603453974745,186.1815811540381
2022-11-09,140.89650031295363,182.1174479889582
2022-11-10,148.63936743549306,193.39513017084874
2022-11-11,150.07795705856583,196.36091939037215
2022-11-14,148.80128275755382,194.3979668245533
2022-11-15,150.07043211019726,195.68884189164513
2022-11-16,148.92557333777185,193.56005673094316
2022-11-17,148.4698920017536,192.3100281588813
2022-11-18,149.14399609921693,193.14769728344677
2022-11-21,148.60169580923684,192.24829439270744
2022-11-22,150.6014215354178,195.1827676745045
2022-11-23,151.55045583371052,196.69464358260524
2022-11-25,151.51655840274196,196.60896551521606
2022-11-28,149.0987995245922,193.26271988756378
2022-11-29,148.8427168579943,193.09462570182507
2022-11-30,153.53135746786674,199.14314088253957
2022-12-01,153.41837775240825,199.28073743789594
2022-12-02,153.24138909140368,199.75809092749864
2022-12-05,150.4846676246717,195.66330002434574
2022-12-06,148.3154664647513,192.8398726018267
2022-12-07,148.06316971454442,192.13572269251162
2022-12-08,149.2230783837069,191.4078651987833
2022-12-09,148.1083545680658,188.35390656913333
2022-12-12,150.24365829701762,188.54263135167577
2022-12-13,151.38098039997112,189.8727012325943
2022-12-14,150.41313373075707,188.01416951356845
2022-12-15,146.73377389053914,183.12647429165307
2022-12-16,145.0014065324055,181.11847546436283
2022-12-19,143.7718510669722,179.07768424298803
2022-12-20,143.96857806606496,179.1062953145477
2022-12-21,146.12126419132605,181.64572430962704
2022-12-22,144.03667767668992,178.49549249329868
2022-12-23,144.86521903225898,179.40772067180256
2022-12-27,144.29394417472898,178.2820154684473
2022-12-28,142.50066224234098,176.35069387014738
2022-12-29,145.06573194774276,179.73132196613295
2022-12-30,144.6836122565235,179.11474555646336
2023-01-03,144.07450167729002,178.53419600096612
2023-01-04,145.1868109456353,180.78843783138979
2023-01-05,143.52971651339382,181.02799663111404
2023-01-06,146.82115471622046,183.9726016731408
2023-01-09,146.7379231611348,184.74346737713194
2023-01-10,147.76697743218762,182.8443983063797
2023-01-11,149.63591908687923,184.94182596429212
2023-01-12,150.18071597187878,187.60397749080835
2023-01-13,150.7633251363751,186.38009263578343
2023-01-17,150.48714077748426,185.5161730971472
2023-01-18,148.11126140170333,188.86321827661374
2023-01-19,147.03303710198065,188.09796717136516
2023-01-20,149.77211830812908,186.10008815019364
2023-01-23,151.56917443580474,185.3618464018649
2023-01-24,151.4064972420244,187.17923385844233
2023-01-25,151.46325082457963,187.47892440219385
2023-01-26,153.12788192629304,186.86214912777393
2023-01-27,153.47971428638408,186.41114156080155
2023-01-30,151.5540307702406,185.7547830823063
2023-01-31,153.78238833890867,187.0489218097935
2023-02-01,155.41674383059726,188.94109677284501
2023-02-02,157.67915120457786,189.12193845287356
2023-02-03,156.00316235369138,186.67542270235685
2023-02-06,155.04976780494215,185.2206876678609
2023-02-07,157.07761245812642,184.23550183183107
2023-02-08,155.36000196914543,184.87034080973828
2023-02-09,154.01315342221062,183.4309557771307
2023-02-10,154.37256933618707,181.8844097997297
2023-02-13,156.18475740832343,182.92172591958413
2023-02-14,156.11288360241085,182.36720321088234
2023-02-15,156.61984476570692,181.26229872470466
2023-02-16,154.46336100295144,179.53715612579782
2023-02-17,154.07747883754791,180.48934317673525
2023-02-21,150.9865418291017,177.65191403234968
2023-02-22,150.77845708083584,178.59367089463137
2023-02-23,151.58050874277106,179.95314491017376
2023-02-24,149.96127347443985,178.20938027606357
2023-02-27,150.47202055412694,178.6098467654403
2023-02-28,149.91587764105768,179.09261020056874
2023-03-01,149.34081686713665,177.4387526346722
2023-03-02,150.50228444304838,178.13100830631709
2023-03-03,152.91602298273958,181.38544603366392
2023-03-06,153.02195831506802,180.57408867500055
2023-03-07,150.67631938600178,177.34252233048306
2023-03-08,150.92223985597116,177.68180993624813
2023-03-09,148.1377276531304,173.03835382872379
2023-03-10,146.00019691453682,170.13952147939594
2023-03-13,145.79210044516753,168.34616557320277
2023-03-14,148.20206478957107,171.42152028153907
2023-03-15,147.27515993445562,168.85111005159445
2023-03-16,149.8591240585024,172.08834617707635
2023-03-17,148.1068659879367,169.4267272810858
2023-03-20,149.53100349054463,170.92716822114224
2023-03-21,151.4944289595646,172.11005446971612
2023-03-22,148.91197685785355,169.4812206404754
2023-03-23,149.31453815336369,169.5264835825945
2023-03-24,150.2943403480231,171.544497078034
2023-03-27,150.5753772437123,171.58176402456218
2023-03-28,150.2373875067104,171.52236483175676
2023-03-29,152.4210642293024,174.0981900941132
2023-03-30,153.3135324826939,175.29604719343763
2023-03-31,155.47443510142278,177.7678340483185
2023-04-03,156.06687827165305,177.22002538195534
2023-04-04,155.20099348072236,177.03993096496907
2023-04-05,154.79463454771786,176.98158171229574
2023-04-06,155.39847063043135,177.1421327194781
2023-04-10,155.5579596840929,175.17734875680733
2023-04-11,155.59975713873808,175.28125819016137
2023-04-12,154.965528234966,175.46878324804163
2023-04-13,157.02388292024264,174.5934532928415
2023-04-14,156.6403215333079,173.41156893656714
2023-04-17,157.20238360358297,171.92211535275032
2023-04-18,157.30491981593184,172.35598692783205
2023-04-19,157.27834807457438,172.0902932533703
2023-04-20,156.42005855863252,173.22998068909973
2023-04-21,156.54158295845343,172.58241693336092
2023-04-24,156.70488137071274,173.756479688815
2023-04-25,154.21738192746517,175.63639754130546
2023-04-26,153.56416483622107,174.38634194344564
2023-04-27,156.6213333458359,173.1031824620662
2023-04-28,157.95812518607255,175.0835515454821
2023-05-01,157.7986244113076,171.48555827672521
2023-05-02,156.02509253811118,174.58252600025656
2023-05-03,154.95412360137937,175.4571782966093
2023-05-04,153.85659464439348,174.54741060454168
2023-05-05,156.70488137071274,173.78737295888737
2023-05-08,156.74665538315116,172.07784377962443
2023-05-09,156.0592712755608,171.72828714610736
2023-05-10,156.7884293955896,173.20121940080685
2023-05-11,156.51499949599256,174.390169340403
2023-05-12,156.3099153501914,173.17428922159837
2023-05-15,156.84920331660345,171.969310512329
2023-05-16,155.801020204838,171.36506057096648
2023-05-17,157.6922905614643,170.9180837393371
2023-05-18,159.2113690014323,169.81940724246616
2023-05-19,158.97971311427372,168.96652895830945
2023-05-22,159.04427295167855,168.56488757595827
2023-05-23,157.25933644489555,168.87886177330722
2023-05-24,156.12003347547122,168.2702571925911
2023-05-25,157.47201586568548,167.6036692891758
2023-05-26,159.51139408459352,168.32186363107587
2023-05-30,159.57214456340057,169.7892357416614
2023-05-31,158.68729502720464,170.71053201930982
2023-06-01,160.19498055468947,171.17340337553708
2023-06-02,162.5115863106889,170.05591538388376
2023-06-05,162.20018003614783,169.9485848308344
2023-06-06,162.55336032312732,170.330701603543
2023-06-07,161.9912865317489,169.02531585926243
2023-06-08,162.97111216861504,170.13290278775946
2023-06-09,163.26353025568406,169.90381843863705
2023-06-12,164.74463232070806,170.17556691924165
2023-06-13,165.83078008631412,169.19954529072552
2023-06-14,166.02825723602308,169.74001021838322
2023-06-15,168.08662364240314,170.73498355312933
2023-06-16,167.51407118460497,170.30488791920158
2023-06-20,166.64498653245218,170.89992494453912
2023-06-21,165.7911393146905,171.08905406922614
2023-06-22,166.38960713205697,170.04079149507078
2023-06-23,165.1316865964494,171.0333775631823
2023-06-26,164.45700816492058,171.284389054393
2023-06-27,166.26000689200873,170.8267727142383
2023-06-28,166.34387138667682,171.51012482017444
2023-06-29,166.99947958301001,169.2555949579516
2023-06-30,168.97019557833093,170.42349560654714
2023-07-03,169.16460179895492,169.644134404165
2023-07-05,168.9130200360541,168.47149502735542
2023-07-06,167.5903169620775,166.68260352378758
2023-07-07,167.16720857234614,166.15267956389903
2023-07-10,167.5903169620775,166.64892952183564
2023-07-11,168.6576171934521,167.22103561456095
2023-07-12,170.01462793701546,168.9444063780516
2023-07-13,171.3640199633832,170.4579258667932
2023-07-14,171.2572875960251,169.4558797001991
2023-07-17,171.85193433369042,169.63825250096465
2023-07-18,173.12888994118344,170.16120243510804
2023-07-19,173.51389302383365,171.45956789446666
2023-07-20,172.3627048555842,169.79887338434713
2023-07-21,172.3627048555842,169.95522750399243
2023-07-24,173.13271102088459,169.49286844741155
2023-07-25,173.60536451459387,169.17947043343096
2023-07-26,173.63205346698507,169.64417865761249
2023-07-27,172.48087701983906,167.04770856886887
2023-07-28,174.16951294127014,167.86174793321985
2023-07-31,174.50114984024125,168.2478586072955
2023-08-01,174.00179567303738,166.24488574382937
2023-08-02,171.5812940566972,165.08055986612408
2023-08-03,171.08955860668888,162.5900002217357
2023-08-04,170.3157665249975,164.85369849800605
2023-08-07,171.80237750860906,163.8969276430358
2023-08-08,171.0552626582055,165.1907185086629
2023-08-09,169.9117166493584,165.66831949617057
2023-08-10,169.97270155023304,163.76693821248642
