Date,SPY,XLE,XLF,XLK,XLV,XLI,XLY,XLP,XLU,XLB,LQD,BIL,SHY,IEF,TLT,VGSH,VGIT,VGLT,BND
2018-08-08,0,0,0,0,0,0,0,0,0,0,100,0,0,0,0,0,0,0,0
2018-08-09,0,0,0,0,0,0,0,0,0,0,100.07819837771983,0,0,0,0,0,0,0,0
2018-08-10,0,0,0,0,0,0,0,0,0,0,100.24329614625802,0,0,0,0,0,0,0,0
2018-08-13,0,0,0,0,0,0,0,0,0,0,100.21724056703397,0,0,0,0,0,0,0,0
2018-08-14,0,0,0,0,0,0,0,0,0,0,100.34756592322576,0,0,0,0,0,0,0,0
2018-08-15,0,0,0,0,0,0,0,0,0,0,100.55615293723265,0,0,0,0,0,0,0,0
2018-08-16,0,0,0,0,0,0,0,0,0,0,100.68649411344826,0,0,0,0,0,0,0,0
2018-08-17,0,0,0,0,0,0,0,0,0,0,100.77333813418326,0,0,0,0,0,0,0,0
2018-08-20,0,0,0,0,0,0,0,0,0,0,101.03406003667402,0,0,0,0,0,0,0,0
2018-08-21,0,0,0,0,0,0,0,0,0,0,100.78205496730557,0,0,0,0,0,0,0,0
2018-08-22,0,0,0,0,0,0,0,0,0,0,100.77333813418325,0,0,0,0,0,0,0,0
2018-08-23,0,0,0,0,0,0,0,0,0,0,100.80811845654155,0,0,0,0,0,0,0,0
2018-08-24,0,0,0,0,0,0,0,0,0,0,101.00799654743804,0,0,0,0,0,0,0,0
2018-08-27,0,0,0,0,0,0,0,0,0,0,100.85157606196263,0,0,0,0,0,0,0,0
2018-08-28,0,0,0,0,0,0,0,0,0,0,100.46919817633098,0,0,0,0,0,0,0,0
2018-08-29,0,0,0,0,0,0,0,0,0,0,100.364952129399,0,0,0,0,0,0,0,0
2018-08-30,0,0,0,0,0,0,0,0,0,0,100.46053671329202,0,0,0,0,0,0,0,0
2018-08-31,0,0,0,0,0,0,0,0,0,0,100.31282515092701,0,0,0,0,0,0,0,0
2018-09-04,0,0,0,0,0,0,0,0,0,0,100.1280472727624,0,0,0,0,0,0,0,0
2018-09-05,0,0,0,0,0,0,0,0,0,0,100.06702153089427,0,0,0,0,0,0,0,0
2018-09-06,0,0,0,0,0,0,0,0,0,0,100.3459285507609,0,0,0,0,0,0,0,0
2018-09-07,0,0,0,0,0,0,0,0,0,0,99.92758384098478,0,0,0,0,0,0,0,0
2018-09-10,0,0,0,0,0,0,0,0,0,0,100.25875230952582,0,0,0,0,0,0,0,0
2018-09-11,0,0,0,0,0,0,0,0,0,0,100.03217792844073,0,0,0,0,0,0,0,0
2018-09-12,0,0,0,0,0,0,0,0,0,0,100.23262554019459,0,0,0,0,0,0,0,0
2018-09-13,0,0,0,0,0,0,0,0,0,0,100.44182953513025,0,0,0,0,0,0,0,0
2018-09-14,0,0,0,0,0,0,0,0,0,0,100.31979387141779,0,0,0,0,0,0,0,0
2018-09-17,0,0,0,0,0,0,0,0,0,0,100.25875230952583,0,0,0,0,0,0,0,0
2018-09-18,0,0,0,0,0,0,0,0,0,0,99.84916398293154,0,0,0,0,0,0,0,0
2018-09-19,0,0,0,0,0,0,0,0,0,0,99.70096990984021,0,0,0,0,0,0,0,0
2018-09-20,0,0,0,0,0,0,0,0,0,0,99.96245117347411,0,0,0,0,0,0,0,0
2018-09-21,0,0,0,0,0,0,0,0,0,0,99.97987692970683,0,0,0,0,0,0,0,0
2018-09-24,0,0,0,0,0,0,0,0,0,0,99.75327090857414,0,0,0,0,0,0,0,0
2018-09-25,0,0,0,0,0,0,0,0,0,0,99.75327090857414,0,0,0,0,0,0,0,0
2018-09-26,0,0,0,0,0,0,0,0,0,0,100.11062151652973,0,0,0,0,0,0,0,0
2018-09-27,0,0,0,0,0,0,0,0,0,0,100.2413502833288,0,0,0,0,0,0,0,0
2018-09-28,0,0,0,0,0,0,0,0,0,0,100.17161561835024,0,0,0,0,0,0,0,0
2018-10-01,0,0,0,0,0,0,0,0,0,0,100.03348308040553,0,0,0,0,0,0,0,0
2018-10-02,0,0,0,0,0,0,0,0,0,0,100.120888711986,0,0,0,0,0,0,0,0
2018-10-03,0,0,0,0,0,0,0,0,0,0,99.53515233021842,0,0,0,0,0,0,0,0
2018-10-04,0,0,0,0,0,0,0,0,0,0,99.1242588516594,0,0,0,0,0,0,0,0
2018-10-05,0,0,0,0,0,0,0,0,0,0,98.73960288259832,0,0,0,0,0,0,0,0
2018-10-08,0,0,0,0,0,0,0,0,0,0,98.63467657464227,0,0,0,0,0,0,0,0
2018-10-09,0,0,0,0,0,0,0,0,0,0,98.9144141457592,0,0,0,0,0,0,0,0
2018-10-10,0,0,0,0,0,0,0,0,0,0,98.64344877784792,0,0,0,0,0,0,0,0
2018-10-11,0,0,0,0,0,0,0,0,0,0,99.05431061635932,0,0,0,0,0,0,0,0
2018-10-12,0,0,0,0,0,0,0,0,0,0,99.07179965268733,0,0,0,0,0,0,0,0
2018-10-15,0,0,0,0,0,0,0,0,0,0,98.88817663626122,0,0,0,0,0,0,0,0
2018-10-16,0,0,0,0,0,0,0,0,0,0,99.14177161802313,0,0,0,0,0,0,0,0
2018-10-17,0,0,0,0,0,0,0,0,0,0,98.65214979094644,0,0,0,0,0,0,0,0
2018-10-18,0,0,0,0,0,0,0,0,0,0,98.65214979094644,0,0,0,0,0,0,0,0
2018-10-19,0,0,0,0,0,0,0,0,0,0,98.52973444666239,0,0,0,0,0,0,0,0
2018-10-22,0,0,0,0,0,0,0,0,0,0,98.40735074242596,0,0,0,0,0,0,0,0
2018-10-23,0,0,0,0,0,0,0,0,0,0,98.54725512303803,0,0,0,0,0,0,0,0
2018-10-24,0,0,0,0,0,0,0,0,0,0,98.68711995359054,0,0,0,0,0,0,0,0
2018-10-25,0,0,0,0,0,0,0,0,0,0,98.5647204293303,0,0,0,0,0,0,0,0
2018-10-26,0,0,0,0,0,0,0,0,0,0,98.73080694935695,0,0,0,0,0,0,0,0
2018-10-29,0,0,0,0,0,0,0,0,0,0,98.61717962830235,0,0,0,0,0,0,0,0
2018-10-30,0,0,0,0,0,0,0,0,0,0,98.39865763933936,0,0,0,0,0,0,0,0
2018-10-31,0,0,0,0,0,0,0,0,0,0,98.11886469813905,0,0,0,0,0,0,0,0
2018-11-01,0,0,0,0,0,0,0,0,0,0,98.4162099557626,0,0,0,0,0,0,0,0
2018-11-02,0,0,0,0,0,0,0,0,0,0,98.02148454154296,0,0,0,0,0,0,0,0
2018-11-05,0,0,0,0,0,0,0,0,0,0,98.19689696560881,0,0,0,0,0,0,0,0
2018-11-06,0,0,0,0,0,0,0,0,0,0,98.36358464654047,0,0,0,0,0,0,0,0
2018-11-07,0,0,0,0,0,0,0,0,0,0,98.6179468994574,0,0,0,0,0,0,0,0
2018-11-08,0,0,0,0,0,0,0,0,0,0,98.32849583371775,0,0,0,0,0,0,0,0
2018-11-09,0,0,0,0,0,0,0,0,0,0,98.39865763933935,0,0,0,0,0,0,0,0
2018-11-12,0,0,0,0,0,0,0,0,0,0,98.38986170609793,0,0,0,0,0,0,0,0
2018-11-13,0,0,0,0,0,0,0,0,0,0,98.25829447803663,0,0,0,0,0,0,0,0
2018-11-14,0,0,0,0,0,0,0,0,0,0,97.99516002191402,0,0,0,0,0,0,0,0
2018-11-15,0,0,0,0,0,0,0,0,0,0,97.81095166460675,0,0,0,0,0,0,0,0
2018-11-16,0,0,0,0,0,0,0,0,0,0,98.00394804514352,0,0,0,0,0,0,0,0
2018-11-19,0,0,0,0,0,0,0,0,0,0,97.90746962990491,0,0,0,0,0,0,0,0
2018-11-20,0,0,0,0,0,0,0,0,0,0,97.6706201433517,0,0,0,0,0,0,0,0
2018-11-21,0,0,0,0,0,0,0,0,0,0,97.88115302028788,0,0,0,0,0,0,0,0
2018-11-23,0,0,0,0,0,0,0,0,0,0,97.92500612630437,0,0,0,0,0,0,0,0
2018-11-26,0,0,0,0,0,0,0,0,0,0,97.96886714233273,0,0,0,0,0,0,0,0
2018-11-27,0,0,0,0,0,0,0,0,0,0,97.84607211747709,0,0,0,0,0,0,0,0
2018-11-28,0,0,0,0,0,0,0,0,0,0,98.10918284356397,0,0,0,0,0,0,0,0
2018-11-29,0,0,0,0,0,0,0,0,0,0,97.8284960710181,0,0,0,0,0,0,0,0
2018-11-30,0,0,0,0,0,0,0,0,0,0,97.76712228862603,0,0,0,0,0,0,0,0
2018-12-03,0,0,0,0,0,0,0,0,0,0,98.13050032565532,0,0,0,0,0,0,0,0
2018-12-04,0,0,0,0,0,0,0,0,0,0,98.14812383218576,0,0,0,0,0,0,0,0
2018-12-06,0,0,0,0,0,0,0,0,0,0,98.44728048253616,0,0,0,0,0,0,0,0
2018-12-07,0,0,0,0,0,0,0,0,0,0,98.45611596583711,0,0,0,0,0,0,0,0
2018-12-10,0,0,0,0,0,0,0,0,0,0,98.75528843621133,0,0,0,0,0,0,0,0
2018-12-11,0,0,0,0,0,0,0,0,0,0,98.93127038113457,0,0,0,0,0,0,0,0
2018-12-12,0,0,0,0,0,0,0,0,0,0,99.03686113009088,0,0,0,0,0,0,0,0
2018-12-13,0,0,0,0,0,0,0,0,0,0,99.30084195748762,0,0,0,0,0,0,0,0
2018-12-14,0,0,0,0,0,0,0,0,0,0,99.1952512085313,0,0,0,0,0,0,0,0
2018-12-17,0,0,0,0,0,0,0,0,0,0,99.3008419574876,0,0,0,0,0,0,0,0
2018-12-18,0,0,0,0,0,0,0,0,0,0,99.65568509166846,0,0,0,0,0,0,0,0
2018-12-19,0,0,0,0,0,0,0,0,0,0,99.57622111204338,0,0,0,0,0,0,0,0
2018-12-20,0,0,0,0,0,0,0,0,0,0,99.24963254039693,0,0,0,0,0,0,0,0
2018-12-21,0,0,0,0,0,0,0,0,0,0,99.15252132420571,0,0,0,0,0,0,0,0
2018-12-24,0,0,0,0,0,0,0,0,0,0,98.92302023871478,0,0,0,0,0,0,0,0
2018-12-26,0,0,0,0,0,0,0,0,0,0,98.84361953918497,0,0,0,0,0,0,0,0
2018-12-27,0,0,0,0,0,0,0,0,0,0,98.84361953918497,0,0,0,0,0,0,0,0
2018-12-28,0,0,0,0,0,0,0,0,0,0,99.31142555342014,0,0,0,0,0,0,0,0
2018-12-31,0,0,0,0,0,0,0,0,0,0,99.5850565953443,0,0,0,0,0,0,0,0
2019-01-02,0,0,0,0,0,0,0,0,0,0,99.89397420038887,0,0,0,0,0,0,0,0
2019-01-03,0,0,0,0,0,0,0,0,0,0,99.93812788685783,0,0,0,0,0,0,0,0
2019-01-04,0,0,0,0,0,0,0,0,0,0,99.87633487383462,0,0,0,0,0,0,0,0
2019-01-07,0,0,0,0,0,0,0,0,0,0,99.88518617715937,0,0,0,0,0,0,0,0
2019-01-08,0,0,0,0,0,0,0,0,0,0,100.10582804931363,0,0,0,0,0,0,0,0
2019-01-09,0,0,0,0,0,0,0,0,0,0,100.48538997070617,0,0,0,0,0,0,0,0
2019-01-10,0,0,0,0,0,0,0,0,0,0,100.22058650207103,0,0,0,0,0,0,0,0
2019-01-11,0,0,0,0,0,0,0,0,0,0,100.4059418111049,0,0,0,0,0,0,0,0
2019-01-14,0,0,0,0,0,0,0,0,0,0,100.14114625248168,0,0,0,0,0,0,0,0
2019-01-15,0,0,0,0,0,0,0,0,0,0,100.20294717551678,0,0,0,0,0,0,0,0
2019-01-16,0,0,0,0,0,0,0,0,0,0,100.3971379678516,0,0,0,0,0,0,0,0
2019-01-17,0,0,0,0,0,0,0,0,0,0,100.60015633347547,0,0,0,0,0,0,0,0
2019-01-18,0,0,0,0,0,0,0,0,0,0,100.77668406922031,0,0,0,0,0,0,0,0
2019-01-22,0,0,0,0,0,0,0,0,0,0,100.94437632166422,0,0,0,0,0,0,0,0
2019-01-23,0,0,0,0,0,0,0,0,0,0,101.20039176706989,0,0,0,0,0,0,0,0
2019-01-24,0,0,0,0,0,0,0,0,0,0,101.46522687575265,0,0,0,0,0,0,0,0
2019-01-25,0,0,0,0,0,0,0,0,0,0,101.5534709685953,0,0,0,0,0,0,0,0
2019-01-28,0,0,0,0,0,0,0,0,0,0,101.53580791200534,0,0,0,0,0,0,0,0
2019-01-29,0,0,0,0,0,0,0,0,0,0,101.75648933421915,0,0,0,0,0,0,0,0
2019-01-30,0,0,0,0,0,0,0,0,0,0,102.22430325846622,0,0,0,0,0,0,0,0
2019-01-31,0,0,0,0,0,0,0,0,0,0,102.93932878486568,0,0,0,0,0,0,0,0
2019-02-01,0,0,0,0,0,0,0,0,0,0,102.69405513563072,0,0,0,0,0,0,0,0
2019-02-04,0,0,0,0,0,0,0,0,0,0,102.55237100233941,0,0,0,0,0,0,0,0
2019-02-05,0,0,0,0,0,0,0,0,0,0,102.96849299876948,0,0,0,0,0,0,0,0
2019-02-06,0,0,0,0,0,0,0,0,0,0,102.77373268557729,0,0,0,0,0,0,0,0
2019-02-07,0,0,0,0,0,0,0,0,0,0,102.75600634889206,0,0,0,0,0,0,0,0
2019-02-08,0,0,0,0,0,0,0,0,0,0,103.01276533541704,0,0,0,0,0,0,0,0
2019-02-11,0,0,0,0,0,0,0,0,0,0,102.78257607889012,0,0,0,0,0,0,0,0
2019-02-12,0,0,0,0,0,0,0,0,0,0,102.92421275210998,0,0,0,0,0,0,0,0
2019-02-13,0,0,0,0,0,0,0,0,0,0,102.65861037227215,0,0,0,0,0,0,0,0
2019-02-14,0,0,0,0,0,0,0,0,0,0,102.77373268557729,0,0,0,0,0,0,0,0
2019-02-15,0,0,0,0,0,0,0,0,0,0,102.89766675214761,0,0,0,0,0,0,0,0
2019-02-19,0,0,0,0,0,0,0,0,0,0,102.95966542548041,0,0,0,0,0,0,0,0
2019-02-20,0,0,0,0,0,0,0,0,0,0,102.87109702214956,0,0,0,0,0,0,0,0
2019-02-21,0,0,0,0,0,0,0,0,0,0,102.57893282232556,0,0,0,0,0,0,0,0
2019-02-22,0,0,0,0,0,0,0,0,0,0,103.03934297542699,0,0,0,0,0,0,0,0
2019-02-25,0,0,0,0,0,0,0,0,0,0,103.00391403209224,0,0,0,0,0,0,0,0
2019-02-26,0,0,0,0,0,0,0,0,0,0,103.16328495200923,0,0,0,0,0,0,0,0
2019-02-27,0,0,0,0,0,0,0,0,0,0,102.87109702214954,0,0,0,0,0,0,0,0
2019-02-28,0,0,0,0,0,0,0,0,0,0,102.72945243891778,0,0,0,0,0,0,0,0
2019-03-01,0,0,0,0,0,0,0,0,0,0,102.55004545883851,0,0,0,0,0,0,0,0
2019-03-04,0,0,0,0,0,0,0,0,0,0,102.78097825648476,0,0,0,0,0,0,0,0
2019-03-05,0,0,0,0,0,0,0,0,0,0,102.81647047991476,0,0,0,0,0,0,0,0
2019-03-06,0,0,0,0,0,0,0,0,0,0,102.91415912697525,0,0,0,0,0,0,0,0
2019-03-07,0,0,0,0,0,0,0,0,0,0,103.25163187500672,0,0,0,0,0,0,0,0
2019-03-08,0,0,0,0,0,0,0,0,0,0,103.38484438554484,0,0,0,0,0,0,0,0
2019-03-11,0,0,0,0,0,0,0,0,0,0,103.5003147393739,0,0,0,0,0,0,0,0
2019-03-12,0,0,0,0,0,0,0,0,0,0,103.78452937723063,0,0,0,0,0,0,0,0
2019-03-13,0,0,0,0,0,0,0,0,0,0,103.61575345315535,0,0,0,0,0,0,0,0
2019-03-14,0,0,0,0,0,0,0,0,0,0,103.41154858574534,0,0,0,0,0,0,0,0
2019-03-15,0,0,0,0,0,0,0,0,0,0,103.78452937723061,0,0,0,0,0,0,0,0
2019-03-18,0,0,0,0,0,0,0,0,0,0,103.73123171699632,0,0,0,0,0,0,0,0
2019-03-19,0,0,0,0,0,0,0,0,0,0,103.74900551375299,0,0,0,0,0,0,0,0
2019-03-20,0,0,0,0,0,0,0,0,0,0,104.45060774994501,0,0,0,0,0,0,0,0
2019-03-21,0,0,0,0,0,0,0,0,0,0,104.64598504406598,0,0,0,0,0,0,0,0
2019-03-22,0,0,0,0,0,0,0,0,0,0,105.2853987666394,0,0,0,0,0,0,0,0
2019-03-25,0,0,0,0,0,0,0,0,0,0,105.49858940757659,0,0,0,0,0,0,0,0
2019-03-26,0,0,0,0,0,0,0,0,0,0,105.54298039440279,0,0,0,0,0,0,0,0
2019-03-27,0,0,0,0,0,0,0,0,0,0,105.685099578349,0,0,0,0,0,0,0,0
2019-03-28,0,0,0,0,0,0,0,0,0,0,105.81828835885139,0,0,0,0,0,0,0,0
2019-03-29,0,0,0,0,0,0,0,0,0,0,105.73835768852375,0,0,0,0,0,0,0,0
2019-04-01,0,0,0,0,0,0,0,0,0,0,105.34462893580448,0,0,0,0,0,0,0,0
2019-04-02,0,0,0,0,0,0,0,0,0,0,105.48715944036991,0,0,0,0,0,0,0,0
2019-04-03,0,0,0,0,0,0,0,0,0,0,105.26445305510772,0,0,0,0,0,0,0,0
2019-04-04,0,0,0,0,0,0,0,0,0,0,105.43369566988555,0,0,0,0,0,0,0,0
2019-04-05,0,0,0,0,0,0,0,0,0,0,105.60295410468719,0,0,0,0,0,0,0,0
2019-04-08,0,0,0,0,0,0,0,0,0,0,105.45153274673748,0,0,0,0,0,0,0,0
2019-04-09,0,0,0,0,0,0,0,0,0,0,105.67420749195207,0,0,0,0,0,0,0,0
2019-04-10,0,0,0,0,0,0,0,0,0,0,106.19088946976512,0,0,0,0,0,0,0,0
2019-04-11,0,0,0,0,0,0,0,0,0,0,106.0839619287964,0,0,0,0,0,0,0,0
2019-04-12,0,0,0,0,0,0,0,0,0,0,106.02160730492774,0,0,0,0,0,0,0,0
2019-04-15,0,0,0,0,0,0,0,0,0,0,105.85238842018562,0,0,0,0,0,0,0,0
2019-04-16,0,0,0,0,0,0,0,0,0,0,105.55843655767049,0,0,0,0,0,0,0,0
2019-04-17,0,0,0,0,0,0,0,0,0,0,105.54061530084239,0,0,0,0,0,0,0,0
2019-04-18,0,0,0,0,0,0,0,0,0,0,105.62971367497107,0,0,0,0,0,0,0,0
2019-04-22,0,0,0,0,0,0,0,0,0,0,105.46044733015748,0,0,0,0,0,0,0,0
2019-04-23,0,0,0,0,0,0,0,0,0,0,105.89691387721422,0,0,0,0,0,0,0,0
2019-04-24,0,0,0,0,0,0,0,0,0,0,106.25324409363373,0,0,0,0,0,0,0,0
2019-04-25,0,0,0,0,0,0,0,0,0,0,106.19979614317317,0,0,0,0,0,0,0,0
2019-04-26,0,0,0,0,0,0,0,0,0,0,106.57394761642081,0,0,0,0,0,0,0,0
2019-04-29,0,0,0,0,0,0,0,0,0,0,106.15527068614456,0,0,0,0,0,0,0,0
2019-04-30,0,0,0,0,0,0,0,0,0,0,106.19979614317319,0,0,0,0,0,0,0,0
2019-05-01,0,0,0,0,0,0,0,0,0,0,106.16587801211283,0,0,0,0,0,0,0,0
2019-05-02,0,0,0,0,0,0,0,0,0,0,105.78167291373049,0,0,0,0,0,0,0,0
2019-05-03,0,0,0,0,0,0,0,0,0,0,106.25521368659875,0,0,0,0,0,0,0,0
2019-05-06,0,0,0,0,0,0,0,0,0,0,106.39812387173575,0,0,0,0,0,0,0,0
2019-05-07,0,0,0,0,0,0,0,0,0,0,106.38920928831573,0,0,0,0,0,0,0,0
2019-05-08,0,0,0,0,0,0,0,0,0,0,106.0318428603363,0,0,0,0,0,0,0,0
2019-05-09,0,0,0,0,0,0,0,0,0,0,106.13012475828988,0,0,0,0,0,0,0,0
2019-05-10,0,0,0,0,0,0,0,0,0,0,106.19259803233716,0,0,0,0,0,0,0,0
2019-05-13,0,0,0,0,0,0,0,0,0,0,106.25521368659875,0,0,0,0,0,0,0,0
2019-05-14,0,0,0,0,0,0,0,0,0,0,106.40710173525102,0,0,0,0,0,0,0,0
2019-05-15,0,0,0,0,0,0,0,0,0,0,106.70193160908794,0,0,0,0,0,0,0,0
2019-05-16,0,0,0,0,0,0,0,0,0,0,106.53214320348846,0,0,0,0,0,0,0,0
2019-05-17,0,0,0,0,0,0,0,0,0,0,106.54106569692037,0,0,0,0,0,0,0,0
2019-05-20,0,0,0,0,0,0,0,0,0,0,106.29091157033834,0,0,0,0,0,0,0,0
2019-05-21,0,0,0,0,0,0,0,0,0,0,106.38030261490763,0,0,0,0,0,0,0,0
2019-05-22,0,0,0,0,0,0,0,0,0,0,106.51426657657696,0,0,0,0,0,0,0,0
2019-05-23,0,0,0,0,0,0,0,0,0,0,106.74656780628325,0,0,0,0,0,0,0,0
2019-05-24,0,0,0,0,0,0,0,0,0,0,106.96993072253377,0,0,0,0,0,0,0,0
2019-05-28,0,0,0,0,0,0,0,0,0,0,107.04142141015583,0,0,0,0,0,0,0,0
2019-05-29,0,0,0,0,0,0,0,0,0,0,107.08608924739879,0,0,0,0,0,0,0,0
2019-05-30,0,0,0,0,0,0,0,0,0,0,107.70251647536836,0,0,0,0,0,0,0,0
2019-05-31,0,0,0,0,0,0,0,0,0,0,107.9526864219742,0,0,0,0,0,0,0,0
2019-06-03,0,0,0,0,0,0,0,0,0,0,108.28518377251571,0,0,0,0,0,0,0,0
2019-06-04,0,0,0,0,0,0,0,0,0,0,108.32103194648157,0,0,0,0,0,0,0,0
2019-06-05,0,0,0,0,0,0,0,0,0,0,108.24932768853795,0,0,0,0,0,0,0,0
2019-06-06,0,0,0,0,0,0,0,0,0,0,108.45546259885346,0,0,0,0,0,0,0,0
2019-06-07,0,0,0,0,0,0,0,0,0,0,108.93935757730897,0,0,0,0,0,0,0,0
2019-06-10,0,0,0,0,0,0,0,0,0,0,108.54509094377998,0,0,0,0,0,0,0,0
2019-06-11,0,0,0,0,0,0,0,0,0,0,108.6436259621146,0,0,0,0,0,0,0,0
2019-06-12,0,0,0,0,0,0,0,0,0,0,108.80493483494898,0,0,0,0,0,0,0,0
2019-06-13,0,0,0,0,0,0,0,0,0,0,109.08275818318424,0,0,0,0,0,0,0,0
2019-06-14,0,0,0,0,0,0,0,0,0,0,109.12758422066538,0,0,0,0,0,0,0,0
2019-06-17,0,0,0,0,0,0,0,0,0,0,109.18136439162605,0,0,0,0,0,0,0,0
2019-06-18,0,0,0,0,0,0,0,0,0,0,109.90725827438669,0,0,0,0,0,0,0,0
2019-06-19,0,0,0,0,0,0,0,0,0,0,110.60624229663725,0,0,0,0,0,0,0,0
2019-06-20,0,0,0,0,0,0,0,0,0,0,111.20671503058892,0,0,0,0,0,0,0,0
2019-06-21,0,0,0,0,0,0,0,0,0,0,110.80345471352082,0,0,0,0,0,0,0,0
2019-06-24,0,0,0,0,0,0,0,0,0,0,111.08127015174419,0,0,0,0,0,0,0,0
2019-06-25,0,0,0,0,0,0,0,0,0,0,110.74966663254827,0,0,0,0,0,0,0,0
2019-06-26,0,0,0,0,0,0,0,0,0,0,110.52562345527365,0,0,0,0,0,0,0,0
2019-06-27,0,0,0,0,0,0,0,0,0,0,111.17087476663497,0,0,0,0,0,0,0,0
2019-06-28,0,0,0,0,0,0,0,0,0,0,111.45765224834979,0,0,0,0,0,0,0,0
2019-07-01,0,0,0,0,0,0,0,0,0,0,111.66886538631005,0,0,0,0,0,0,0,0
2019-07-02,0,0,0,0,0,0,0,0,0,0,111.97439750625811,0,0,0,0,0,0,0,0
2019-07-03,0,0,0,0,0,0,0,0,0,0,112.28000081631335,0,0,0,0,0,0,0,0
2019-07-05,0,0,0,0,0,0,0,0,0,0,111.29137588803738,0,0,0,0,0,0,0,0
2019-07-08,0,0,0,0,0,0,0,0,0,0,111.13858609802762,0,0,0,0,0,0,0,0
2019-07-09,0,0,0,0,0,0,0,0,0,0,110.90494016629705,0,0,0,0,0,0,0,0
2019-07-10,0,0,0,0,0,0,0,0,0,0,111.15656555509389,0,0,0,0,0,0,0,0
2019-07-11,0,0,0,0,0,0,0,0,0,0,110.50048543743088,0,0,0,0,0,0,0,0
2019-07-12,0,0,0,0,0,0,0,0,0,0,110.6083305397809,0,0,0,0,0,0,0,0
2019-07-15,0,0,0,0,0,0,0,0,0,0,110.79705551388749,0,0,0,0,0,0,0,0
2019-07-16,0,0,0,0,0,0,0,0,0,0,110.56337794210926,0,0,0,0,0,0,0,0
2019-07-17,0,0,0,0,0,0,0,0,0,0,111.1475797815667,0,0,0,0,0,0,0,0
2019-07-18,0,0,0,0,0,0,0,0,0,0,111.40821467392647,0,0,0,0,0,0,0,0
2019-07-19,0,0,0,0,0,0,0,0,0,0,111.23745333686236,0,0,0,0,0,0,0,0
2019-07-22,0,0,0,0,0,0,0,0,0,0,111.57896810097868,0,0,0,0,0,0,0,0
2019-07-23,0,0,0,0,0,0,0,0,0,0,111.64187642568086,0,0,0,0,0,0,0,0
2019-07-24,0,0,0,0,0,0,0,0,0,0,111.95642595920373,0,0,0,0,0,0,0,0
2019-07-25,0,0,0,0,0,0,0,0,0,0,111.59694755804493,0,0,0,0,0,0,0,0
2019-07-26,0,0,0,0,0,0,0,0,0,0,111.74973734805468,0,0,0,0,0,0,0,0
2019-07-29,0,0,0,0,0,0,0,0,0,0,111.67781951978958,0,0,0,0,0,0,0,0
2019-07-30,0,0,0,0,0,0,0,0,0,0,111.64187642568085,0,0,0,0,0,0,0,0
2019-07-31,0,0,0,0,0,0,0,0,0,0,111.74073575450369,0,0,0,0,0,0,0,0
2019-08-01,0,0,0,0,0,0,0,0,0,0,112.64924017216624,0,0,0,0,0,0,0,0
2019-08-02,0,0,0,0,0,0,0,0,0,0,112.76637162849595,0,0,0,0,0,0,0,0
2019-08-05,0,0,0,0,0,0,0,0,0,0,112.84752835066931,0,0,0,0,0,0,0,0
2019-08-06,0,0,0,0,0,0,0,0,0,0,113.55047528888561,0,0,0,0,0,0,0,0
2019-08-07,0,0,0,0,0,0,0,0,0,0,113.53245628175978,0,0,0,0,0,0,0,0
2019-08-08,0,0,0,0,0,0,0,0,0,0,113.8388743230415,0,0,0,0,0,0,0,0
2019-08-09,0,0,0,0,0,0,0,0,0,0,113.50542777107106,0,0,0,0,0,0,0,0
2019-08-12,0,0,0,0,0,0,0,0,0,0,114.21743958293364,0,0,0,0,0,0,0,0
2019-08-13,0,0,0,0,0,0,0,0,0,0,114.1272733571974,0,0,0,0,0,0,0,0
2019-08-14,0,0,0,0,0,0,0,0,0,0,114.46074363920356,0,0,0,0,0,0,0,0
2019-08-15,0,0,0,0,0,0,0,0,0,0,115.01957807047292,0,0,0,0,0,0,0,0
2019-08-16,0,0,0,0,0,0,0,0,0,0,115.22685202250314,0,0,0,0,0,0,0,0
2019-08-19,0,0,0,0,0,0,0,0,0,0,114.84833422268245,0,0,0,0,0,0,0,0
2019-08-20,0,0,0,0,0,0,0,0,0,0,115.51525105665905,0,0,0,0,0,0,0,0
2019-08-21,0,0,0,0,0,0,0,0,0,0,115.72256455874879,0,0,0,0,0,0,0,0
2019-08-22,0,0,0,0,0,0,0,0,0,0,115.29896760106593,0,0,0,0,0,0,0,0
2019-08-23,0,0,0,0,0,0,0,0,0,0,115.72256455874877,0,0,0,0,0,0,0,0
2019-08-26,0,0,0,0,0,0,0,0,0,0,115.73154242226404,0,0,0,0,0,0,0,0
2019-08-27,0,0,0,0,0,0,0,0,0,0,116.35342755844991,0,0,0,0,0,0,0,0
2019-08-28,0,0,0,0,0,0,0,0,0,0,116.35342755844991,0,0,0,0,0,0,0,0
2019-08-29,0,0,0,0,0,0,0,0,0,0,116.10108235856947,0,0,0,0,0,0,0,0
2019-08-30,0,0,0,0,0,0,0,0,0,0,116.08307126145556,0,0,0,0,0,0,0,0
2019-09-03,0,0,0,0,0,0,0,0,0,0,115.97371534683116,0,0,0,0,0,0,0,0
2019-09-04,0,0,0,0,0,0,0,0,0,0,116.19057623329354,0,0,0,0,0,0,0,0
2019-09-05,0,0,0,0,0,0,0,0,0,0,115.34108050446268,0,0,0,0,0,0,0,0
2019-09-06,0,0,0,0,0,0,0,0,0,0,115.75681491030925,0,0,0,0,0,0,0,0
2019-09-09,0,0,0,0,0,0,0,0,0,0,114.90731127146647,0,0,0,0,0,0,0,0
2019-09-10,0,0,0,0,0,0,0,0,0,0,113.94032813577005,0,0,0,0,0,0,0,0
2019-09-11,0,0,0,0,0,0,0,0,0,0,113.84996415973612,0,0,0,0,0,0,0,0
2019-09-12,0,0,0,0,0,0,0,0,0,0,113.69632799845223,0,0,0,0,0,0,0,0
2019-09-13,0,0,0,0,0,0,0,0,0,0,112.67514546116405,0,0,0,0,0,0,0,0
2019-09-16,0,0,0,0,0,0,0,0,0,0,113.24449229825878,0,0,0,0,0,0,0,0
2019-09-17,0,0,0,0,0,0,0,0,0,0,113.53367442359355,0,0,0,0,0,0,0,0
2019-09-18,0,0,0,0,0,0,0,0,0,0,113.81384704536542,0,0,0,0,0,0,0,0
2019-09-19,0,0,0,0,0,0,0,0,0,0,114.1391621050947,0,0,0,0,0,0,0,0
2019-09-20,0,0,0,0,0,0,0,0,0,0,114.9253619186399,0,0,0,0,0,0,0,0
2019-09-23,0,0,0,0,0,0,0,0,0,0,114.84404699622841,0,0,0,0,0,0,0,0
2019-09-24,0,0,0,0,0,0,0,0,0,0,115.20555036043558,0,0,0,0,0,0,0,0
2019-09-25,0,0,0,0,0,0,0,0,0,0,114.55488860092936,0,0,0,0,0,0,0,0
2019-09-26,0,0,0,0,0,0,0,0,0,0,114.79887291822332,0,0,0,0,0,0,0,0
2019-09-27,0,0,0,0,0,0,0,0,0,0,114.82597261901924,0,0,0,0,0,0,0,0
2019-09-30,0,0,0,0,0,0,0,0,0,0,115.20555036043555,0,0,0,0,0,0,0,0
2019-10-01,0,0,0,0,0,0,0,0,0,0,115.33783739958048,0,0,0,0,0,0,0,0
2019-10-02,0,0,0,0,0,0,0,0,0,0,115.29252885137299,0,0,0,0,0,0,0,0
2019-10-03,0,0,0,0,0,0,0,0,0,0,115.74558269340022,0,0,0,0,0,0,0,0
2019-10-04,0,0,0,0,0,0,0,0,0,0,116.22582324635437,0,0,0,0,0,0,0,0
2019-10-07,0,0,0,0,0,0,0,0,0,0,115.63686748974038,0,0,0,0,0,0,0,0
2019-10-08,0,0,0,0,0,0,0,0,0,0,115.53720924971486,0,0,0,0,0,0,0,0
2019-10-09,0,0,0,0,0,0,0,0,0,0,115.5824703378509,0,0,0,0,0,0,0,0
2019-10-10,0,0,0,0,0,0,0,0,0,0,114.90286584477431,0,0,0,0,0,0,0,0
2019-10-11,0,0,0,0,0,0,0,0,0,0,114.6944686710532,0,0,0,0,0,0,0,0
2019-10-14,0,0,0,0,0,0,0,0,0,0,115.0750588939937,0,0,0,0,0,0,0,0
2019-10-15,0,0,0,0,0,0,0,0,0,0,114.76695602017564,0,0,0,0,0,0,0,0
2019-10-16,0,0,0,0,0,0,0,0,0,0,114.89384052118756,0,0,0,0,0,0,0,0
2019-10-17,0,0,0,0,0,0,0,0,0,0,115.0569528767369,0,0,0,0,0,0,0,0
2019-10-18,0,0,0,0,0,0,0,0,0,0,115.20191966496989,0,0,0,0,0,0,0,0
2019-10-21,0,0,0,0,0,0,0,0,0,0,114.93916488941885,0,0,0,0,0,0,0,0
2019-10-22,0,0,0,0,0,0,0,0,0,0,115.13850509950558,0,0,0,0,0,0,0,0
2019-10-23,0,0,0,0,0,0,0,0,0,0,115.20191966496989,0,0,0,0,0,0,0,0
2019-10-24,0,0,0,0,0,0,0,0,0,0,115.4556491169342,0,0,0,0,0,0,0,0
2019-10-25,0,0,0,0,0,0,0,0,0,0,115.25628517681172,0,0,0,0,0,0,0,0
2019-10-28,0,0,0,0,0,0,0,0,0,0,114.91200190852769,0,0,0,0,0,0,0,0
2019-10-29,0,0,0,0,0,0,0,0,0,0,114.61291644828441,0,0,0,0,0,0,0,0
2019-10-30,0,0,0,0,0,0,0,0,0,0,115.0206854721399,0,0,0,0,0,0,0,0
2019-10-31,0,0,0,0,0,0,0,0,0,0,115.71840389248521,0,0,0,0,0,0,0,0
2019-11-01,0,0,0,0,0,0,0,0,0,0,115.83196002343263,0,0,0,0,0,0,0,0
2019-11-04,0,0,0,0,0,0,0,0,0,0,115.28684155281128,0,0,0,0,0,0,0,0
2019-11-05,0,0,0,0,0,0,0,0,0,0,114.62357914433605,0,0,0,0,0,0,0,0
2019-11-06,0,0,0,0,0,0,0,0,0,0,115.2686564354354,0,0,0,0,0,0,0,0
2019-11-07,0,0,0,0,0,0,0,0,0,0,114.36917734135957,0,0,0,0,0,0,0,0
2019-11-08,0,0,0,0,0,0,0,0,0,0,114.21475808889682,0,0,0,0,0,0,0,0
2019-11-11,0,0,0,0,0,0,0,0,0,0,114.25108877358905,0,0,0,0,0,0,0,0
2019-11-12,0,0,0,0,0,0,0,0,0,0,114.3601045577014,0,0,0,0,0,0,0,0
2019-11-13,0,0,0,0,0,0,0,0,0,0,114.63269147805379,0,0,0,0,0,0,0,0
2019-11-14,0,0,0,0,0,0,0,0,0,0,115.23230202070748,0,0,0,0,0,0,0,0
2019-11-15,0,0,0,0,0,0,0,0,0,0,115.25048713808337,0,0,0,0,0,0,0,0
2019-11-18,0,0,0,0,0,0,0,0,0,0,115.3776880395716,0,0,0,0,0,0,0,0
2019-11-19,0,0,0,0,0,0,0,0,0,0,115.60482403150213,0,0,0,0,0,0,0,0
2019-11-20,0,0,0,0,0,0,0,0,0,0,115.76835561768254,0,0,0,0,0,0,0,0
2019-11-21,0,0,0,0,0,0,0,0,0,0,115.49581615740166,0,0,0,0,0,0,0,0
2019-11-22,0,0,0,0,0,0,0,0,0,0,115.81378281606867,0,0,0,0,0,0,0,0
2019-11-25,0,0,0,0,0,0,0,0,0,0,116.21357854792119,0,0,0,0,0,0,0,0
2019-11-26,0,0,0,0,0,0,0,0,0,0,116.51341545929567,0,0,0,0,0,0,0,0
2019-11-27,0,0,0,0,0,0,0,0,0,0,116.50431894560175,0,0,0,0,0,0,0,0
2019-11-29,0,0,0,0,0,0,0,0,0,0,116.26806270994162,0,0,0,0,0,0,0,0
2019-12-02,0,0,0,0,0,0,0,0,0,0,115.76338813020452,0,0,0,0,0,0,0,0
2019-12-03,0,0,0,0,0,0,0,0,0,0,116.65619117423022,0,0,0,0,0,0,0,0
2019-12-04,0,0,0,0,0,0,0,0,0,0,116.5012894110411,0,0,0,0,0,0,0,0
2019-12-05,0,0,0,0,0,0,0,0,0,0,116.373732559017,0,0,0,0,0,0,0,0
2019-12-06,0,0,0,0,0,0,0,0,0,0,116.30995413300496,0,0,0,0,0,0,0,0
2019-12-09,0,0,0,0,0,0,0,0,0,0,116.2917848356529,0,0,0,0,0,0,0,0
2019-12-10,0,0,0,0,0,0,0,0,0,0,116.2917848356529,0,0,0,0,0,0,0,0
2019-12-11,0,0,0,0,0,0,0,0,0,0,116.74726705133584,0,0,0,0,0,0,0,0
2019-12-12,0,0,0,0,0,0,0,0,0,0,116.2097501021578,0,0,0,0,0,0,0,0
2019-12-13,0,0,0,0,0,0,0,0,0,0,116.96592351050123,0,0,0,0,0,0,0,0
2019-12-16,0,0,0,0,0,0,0,0,0,0,116.70174493280682,0,0,0,0,0,0,0,0
2019-12-17,0,0,0,0,0,0,0,0,0,0,116.61065323567736,0,0,0,0,0,0,0,0
2019-12-18,0,0,0,0,0,0,0,0,0,0,116.52864223221799,0,0,0,0,0,0,0,0
2019-12-19,0,0,0,0,0,0,0,0,0,0,116.64370917543978,0,0,0,0,0,0,0,0
2019-12-20,0,0,0,0,0,0,0,0,0,0,116.6072123804975,0,0,0,0,0,0,0,0
2019-12-23,0,0,0,0,0,0,0,0,0,0,116.66198921295855,0,0,0,0,0,0,0,0
2019-12-24,0,0,0,0,0,0,0,0,0,0,116.78072640170551,0,0,0,0,0,0,0,0
2019-12-26,0,0,0,0,0,0,0,0,0,0,116.99079258793915,0,0,0,0,0,0,0,0
2019-12-27,0,0,0,0,0,0,0,0,0,0,117.15521009545326,0,0,0,0,0,0,0,0
2019-12-30,0,0,0,0,0,0,0,0,0,0,117.36533956178216,0,0,0,0,0,0,0,0
2019-12-31,0,0,0,0,0,0,0,0,0,0,116.88119146294562,0,0,0,0,0,0,0,0
2020-01-02,0,0,0,0,0,0,0,0,0,0,117.1278414542525,0,0,0,0,0,0,0,0
2020-01-03,0,0,0,0,0,0,0,0,0,0,117.52974915928439,0,0,0,0,0,0,0,0
2020-01-06,0,0,0,0,0,0,0,0,0,0,117.13697751800593,0,0,0,0,0,0,0,0
2020-01-07,0,0,0,0,0,0,0,0,0,0,116.8355348742142,0,0,0,0,0,0,0,0
2020-01-08,0,0,0,0,0,0,0,0,0,0,116.67111736670009,0,0,0,0,0,0,0,0
2020-01-09,0,0,0,0,0,0,0,0,0,0,117.228274875445,0,0,0,0,0,0,0,0
2020-01-10,0,0,0,0,0,0,0,0,0,0,117.55713362050895,0,0,0,0,0,0,0,0
2020-01-13,0,0,0,0,0,0,0,0,0,0,117.27397892424787,0,0,0,0,0,0,0,0
2020-01-14,0,0,0,0,0,0,0,0,0,0,117.42014803429086,0,0,0,0,0,0,0,0
2020-01-15,0,0,0,0,0,0,0,0,0,0,117.67584707922019,0,0,0,0,0,0,0,0
2020-01-16,0,0,0,0,0,0,0,0,0,0,117.84031995681767,0,0,0,0,0,0,0,0
2020-01-17,0,0,0,0,0,0,0,0,0,0,117.8220399192989,0,0,0,0,0,0,0,0
2020-01-21,0,0,0,0,0,0,0,0,0,0,118.38835722183298,0,0,0,0,0,0,0,0
2020-01-22,0,0,0,0,0,0,0,0,0,0,118.45229384808317,0,0,0,0,0,0,0,0
2020-01-23,0,0,0,0,0,0,0,0,0,0,118.60759111186769,0,0,0,0,0,0,0,0
2020-01-24,0,0,0,0,0,0,0,0,0,0,118.80852123434788,0,0,0,0,0,0,0,0
2020-01-27,0,0,0,0,0,0,0,0,0,0,119.03688327812411,0,0,0,0,0,0,0,0
2020-01-28,0,0,0,0,0,0,0,0,0,0,118.97293083185008,0,0,0,0,0,0,0,0
2020-01-29,0,0,0,0,0,0,0,0,0,0,119.35657431938701,0,0,0,0,0,0,0,0
2020-01-30,0,0,0,0,0,0,0,0,0,0,119.42967073942637,0,0,0,0,0,0,0,0
2020-01-31,0,0,0,0,0,0,0,0,0,0,119.7402019869001,0,0,0,0,0,0,0,0
2020-02-03,0,0,0,0,0,0,0,0,0,0,119.64587509490038,0,0,0,0,0,0,0,0
2020-02-04,0,0,0,0,0,0,0,0,0,0,119.35283288375467,0,0,0,0,0,0,0,0
2020-02-05,0,0,0,0,0,0,0,0,0,0,119.27956244345334,0,0,0,0,0,0,0,0
2020-02-06,0,0,0,0,0,0,0,0,0,0,119.22463532076605,0,0,0,0,0,0,0,0
2020-02-07,0,0,0,0,0,0,0,0,0,0,119.68253009008085,0,0,0,0,0,0,0,0
2020-02-10,0,0,0,0,0,0,0,0,0,0,119.96642832746124,0,0,0,0,0,0,0,0
2020-02-11,0,0,0,0,0,0,0,0,0,0,119.79240015547923,0,0,0,0,0,0,0,0
2020-02-12,0,0,0,0,0,0,0,0,0,0,119.73748094280386,0,0,0,0,0,0,0,0
2020-02-13,0,0,0,0,0,0,0,0,0,0,119.65509025877293,0,0,0,0,0,0,0,0
2020-02-14,0,0,0,0,0,0,0,0,0,0,119.94810082987102,0,0,0,0,0,0,0,0
2020-02-18,0,0,0,0,0,0,0,0,0,0,120.1770165744808,0,0,0,0,0,0,0,0
2020-02-19,0,0,0,0,0,0,0,0,0,0,120.01219565635938,0,0,0,0,0,0,0,0
2020-02-20,0,0,0,0,0,0,0,0,0,0,120.41512375292736,0,0,0,0,0,0,0,0
2020-02-21,0,0,0,0,0,0,0,0,0,0,120.65322302136197,0,0,0,0,0,0,0,0
2020-02-24,0,0,0,0,0,0,0,0,0,0,120.67155842896409,0,0,0,0,0,0,0,0
2020-02-25,0,0,0,0,0,0,0,0,0,0,120.79063574822308,0,0,0,0,0,0,0,0
2020-02-26,0,0,0,0,0,0,0,0,0,0,120.34187704266172,0,0,0,0,0,0,0,0
2020-02-27,0,0,0,0,0,0,0,0,0,0,119.7008338576353,0,0,0,0,0,0,0,0
2020-02-28,0,0,0,0,0,0,0,0,0,0,121.04703087420032,0,0,0,0,0,0,0,0
2020-03-02,0,0,0,0,0,0,0,0,0,0,120.92676705315516,0,0,0,0,0,0,0,0
2020-03-03,0,0,0,0,0,0,0,0,0,0,122.30401086645799,0,0,0,0,0,0,0,0
2020-03-04,0,0,0,0,0,0,0,0,0,0,122.47849781913065,0,0,0,0,0,0,0,0
2020-03-05,0,0,0,0,0,0,0,0,0,0,122.43259602003009,0,0,0,0,0,0,0,0
2020-03-06,0,0,0,0,0,0,0,0,0,0,123.28648180546975,0,0,0,0,0,0,0,0
2020-03-09,0,0,0,0,0,0,0,0,0,0,120.29319091936962,0,0,0,0,0,0,0,0
2020-03-10,0,0,0,0,0,0,0,0,0,0,117.58449435169781,0,0,0,0,0,0,0,0
2020-03-11,0,0,0,0,0,0,0,0,0,0,113.71891108244877,0,0,0,0,0,0,0,0
2020-03-12,0,0,0,0,0,0,0,0,0,0,108.29233442328027,0,0,0,0,0,0,0,0
2020-03-13,0,0,0,0,0,0,0,0,0,0,112.98433200661344,0,0,0,0,0,0,0,0
2020-03-16,0,0,0,0,0,0,0,0,0,0,111.37749218767678,0,0,0,0,0,0,0,0
2020-03-17,0,0,0,0,0,0,0,0,0,0,106.81402438783233,0,0,0,0,0,0,0,0
2020-03-18,0,0,0,0,0,0,0,0,0,0,101.47013899314727,0,0,0,0,0,0,0,0
2020-03-19,0,0,0,0,0,0,0,0,0,0,96.45674971599105,0,0,0,0,0,0,0,0
2020-03-20,0,0,0,0,0,0,0,0,0,0,98.00850421200226,0,0,0,0,0,0,0,0
2020-03-23,0,0,0,0,0,0,0,0,0,0,105.25307845798434,0,0,0,0,0,0,0,0
2020-03-24,0,0,0,0,0,0,0,0,0,0,107.41085851630643,0,0,0,0,0,0,0,0
2020-03-25,0,0,0,0,0,0,0,0,0,0,112.55275384691568,0,0,0,0,0,0,0,0
2020-03-26,0,0,0,0,0,0,0,0,0,0,112.64458908516444,0,0,0,0,0,0,0,0
2020-03-27,0,0,0,0,0,0,0,0,0,0,112.41500889955442,0,0,0,0,0,0,0,0
2020-03-30,0,0,0,0,0,0,0,0,0,0,113.7831720191872,0,0,0,0,0,0,0,0
2020-03-31,0,0,0,0,0,0,0,0,0,0,113.40669500243868,0,0,0,0,0,0,0,0
2020-04-01,0,0,0,0,0,0,0,0,0,0,111.75899997199858,0,0,0,0,0,0,0,0
2020-04-02,0,0,0,0,0,0,0,0,0,0,112.05352135537106,0,0,0,0,0,0,0,0
2020-04-03,0,0,0,0,0,0,0,0,0,0,111.47363047240331,0,0,0,0,0,0,0,0
2020-04-06,0,0,0,0,0,0,0,0,0,0,113.67363417428889,0,0,0,0,0,0,0,0
2020-04-07,0,0,0,0,0,0,0,0,0,0,113.84852453756885,0,0,0,0,0,0,0,0
2020-04-08,0,0,0,0,0,0,0,0,0,0,115.90125963775627,0,0,0,0,0,0,0,0
2020-04-09,0,0,0,0,0,0,0,0,0,0,121.3506804113143,0,0,0,0,0,0,0,0
2020-04-13,0,0,0,0,0,0,0,0,0,0,120.17242085756236,0,0,0,0,0,0,0,0
2020-04-14,0,0,0,0,0,0,0,0,0,0,119.58333854075784,0,0,0,0,0,0,0,0
2020-04-15,0,0,0,0,0,0,0,0,0,0,120.38417187633233,0,0,0,0,0,0,0,0
2020-04-16,0,0,0,0,0,0,0,0,0,0,119.78583484559579,0,0,0,0,0,0,0,0
2020-04-17,0,0,0,0,0,0,0,0,0,0,120.18162811142297,0,0,0,0,0,0,0,0
2020-04-20,0,0,0,0,0,0,0,0,0,0,119.50045743598865,0,0,0,0,0,0,0,0
2020-04-21,0,0,0,0,0,0,0,0,0,0,119.07701867854395,0,0,0,0,0,0,0,0
2020-04-22,0,0,0,0,0,0,0,0,0,0,119.15065297939303,0,0,0,0,0,0,0,0
2020-04-23,0,0,0,0,0,0,0,0,0,0,119.65696493159504,0,0,0,0,0,0,0,0
2020-04-24,0,0,0,0,0,0,0,0,0,0,119.57409173683774,0,0,0,0,0,0,0,0
2020-04-27,0,0,0,0,0,0,0,0,0,0,118.60758320185579,0,0,0,0,0,0,0,0
2020-04-28,0,0,0,0,0,0,0,0,0,0,118.92974216683388,0,0,0,0,0,0,0,0
2020-04-29,0,0,0,0,0,0,0,0,0,0,119.7121609946872,0,0,0,0,0,0,0,0
2020-04-30,0,0,0,0,0,0,0,0,0,0,118.9021124952402,0,0,0,0,0,0,0,0
2020-05-01,0,0,0,0,0,0,0,0,0,0,118.43149051676585,0,0,0,0,0,0,0,0
2020-05-04,0,0,0,0,0,0,0,0,0,0,118.61604691459706,0,0,0,0,0,0,0,0
2020-05-05,0,0,0,0,0,0,0,0,0,0,118.45918346845484,0,0,0,0,0,0,0,0
2020-05-06,0,0,0,0,0,0,0,0,0,0,117.13039638809876,0,0,0,0,0,0,0,0
2020-05-07,0,0,0,0,0,0,0,0,0,0,117.4440916403356,0,0,0,0,0,0,0,0
2020-05-08,0,0,0,0,0,0,0,0,0,0,116.88118355293375,0,0,0,0,0,0,0,0
2020-05-11,0,0,0,0,0,0,0,0,0,0,115.85691611100154,0,0,0,0,0,0,0,0
2020-05-12,0,0,0,0,0,0,0,0,0,0,116.9735092119208,0,0,0,0,0,0,0,0
2020-05-13,0,0,0,0,0,0,0,0,0,0,117.24110491475938,0,0,0,0,0,0,0,0
2020-05-14,0,0,0,0,0,0,0,0,0,0,118.21004973340891,0,0,0,0,0,0,0,0
2020-05-15,0,0,0,0,0,0,0,0,0,0,118.62528580850528,0,0,0,0,0,0,0,0
2020-05-18,0,0,0,0,0,0,0,0,0,0,119.29894988263916,0,0,0,0,0,0,0,0
2020-05-19,0,0,0,0,0,0,0,0,0,0,119.39122808155477,0,0,0,0,0,0,0,0
2020-05-20,0,0,0,0,0,0,0,0,0,0,120.70164020424917,0,0,0,0,0,0,0,0
2020-05-21,0,0,0,0,0,0,0,0,0,0,120.60929081522643,0,0,0,0,0,0,0,0
2020-05-22,0,0,0,0,0,0,0,0,0,0,120.60929081522643,0,0,0,0,0,0,0,0
2020-05-26,0,0,0,0,0,0,0,0,0,0,120.44318056516406,0,0,0,0,0,0,0,0
2020-05-27,0,0,0,0,0,0,0,0,0,0,120.94152713537497,0,0,0,0,0,0,0,0
2020-05-28,0,0,0,0,0,0,0,0,0,0,121.0430363181869,0,0,0,0,0,0,0,0
2020-05-29,0,0,0,0,0,0,0,0,0,0,121.82739309895763,0,0,0,0,0,0,0,0
2020-06-01,0,0,0,0,0,0,0,0,0,0,121.77369993812793,0,0,0,0,0,0,0,0
2020-06-02,0,0,0,0,0,0,0,0,0,0,122.16222390301192,0,0,0,0,0,0,0,0
2020-06-03,0,0,0,0,0,0,0,0,0,0,122.08823365162698,0,0,0,0,0,0,0,0
2020-06-04,0,0,0,0,0,0,0,0,0,0,121.71824284464284,0,0,0,0,0,0,0,0
2020-06-05,0,0,0,0,0,0,0,0,0,0,122.3472786315933,0,0,0,0,0,0,0,0
2020-06-08,0,0,0,0,0,0,0,0,0,0,122.7543199343533,0,0,0,0,0,0,0,0
2020-06-09,0,0,0,0,0,0,0,0,0,0,122.49525913436317,0,0,0,0,0,0,0,0
2020-06-10,0,0,0,0,0,0,0,0,0,0,123.30008702595109,0,0,0,0,0,0,0,0
2020-06-11,0,0,0,0,0,0,0,0,0,0,121.82928359180359,0,0,0,0,0,0,0,0
2020-06-12,0,0,0,0,0,0,0,0,0,0,122.42124515294255,0,0,0,0,0,0,0,0
2020-06-15,0,0,0,0,0,0,0,0,0,0,124.16033246096457,0,0,0,0,0,0,0,0
2020-06-16,0,0,0,0,0,0,0,0,0,0,123.81809788576464,0,0,0,0,0,0,0,0
2020-06-17,0,0,0,0,0,0,0,0,0,0,123.57757024367433,0,0,0,0,0,0,0,0
2020-06-18,0,0,0,0,0,0,0,0,0,0,123.85511674149282,0,0,0,0,0,0,0,0
2020-06-19,0,0,0,0,0,0,0,0,0,0,123.94762433075375,0,0,0,0,0,0,0,0
2020-06-22,0,0,0,0,0,0,0,0,0,0,123.8273605097086,0,0,0,0,0,0,0,0
2020-06-23,0,0,0,0,0,0,0,0,0,0,123.59610340157414,0,0,0,0,0,0,0,0
2020-06-24,0,0,0,0,0,0,0,0,0,0,123.25381345629089,0,0,0,0,0,0,0,0
2020-06-25,0,0,0,0,0,0,0,0,0,0,123.38329244120854,0,0,0,0,0,0,0,0
2020-06-26,0,0,0,0,0,0,0,0,0,0,123.49433318836928,0,0,0,0,0,0,0,0
2020-06-29,0,0,0,0,0,0,0,0,0,0,124.06782487170366,0,0,0,0,0,0,0,0
2020-06-30,0,0,0,0,0,0,0,0,0,0,124.4193932609547,0,0,0,0,0,0,0,0
2020-07-01,0,0,0,0,0,0,0,0,0,0,124.91081857074637,0,0,0,0,0,0,0,0
2020-07-02,0,0,0,0,0,0,0,0,0,0,125.2167541013017,0,0,0,0,0,0,0,0
2020-07-06,0,0,0,0,0,0,0,0,0,0,125.54129397986404,0,0,0,0,0,0,0,0
2020-07-07,0,0,0,0,0,0,0,0,0,0,125.7082031411291,0,0,0,0,0,0,0,0
2020-07-08,0,0,0,0,0,0,0,0,0,0,125.50418020399296,0,0,0,0,0,0,0,0
2020-07-09,0,0,0,0,0,0,0,0,0,0,126.20881988475755,0,0,0,0,0,0,0,0
2020-07-10,0,0,0,0,0,0,0,0,0,0,125.977056535861,0,0,0,0,0,0,0,0
2020-07-13,0,0,0,0,0,0,0,0,0,0,125.6432461233428,0,0,0,0,0,0,0,0
2020-07-14,0,0,0,0,0,0,0,0,0,0,126.37577650609404,0,0,0,0,0,0,0,0
2020-07-15,0,0,0,0,0,0,0,0,0,0,126.62609674292611,0,0,0,0,0,0,0,0
2020-07-16,0,0,0,0,0,0,0,0,0,0,126.9784324033322,0,0,0,0,0,0,0,0
2020-07-17,0,0,0,0,0,0,0,0,0,0,127.32151334980628,0,0,0,0,0,0,0,0
2020-07-20,0,0,0,0,0,0,0,0,0,0,127.67380155014094,0,0,0,0,0,0,0,0
2020-07-21,0,0,0,0,0,0,0,0,0,0,127.84071071140598,0,0,0,0,0,0,0,0
2020-07-22,0,0,0,0,0,0,0,0,0,0,128.2579084694555,0,0,0,0,0,0,0,0
2020-07-23,0,0,0,0,0,0,0,0,0,0,128.35065335907365,0,0,0,0,0,0,0,0
2020-07-24,0,0,0,0,0,0,0,0,0,0,128.0632193463705,0,0,0,0,0,0,0,0
2020-07-27,0,0,0,0,0,0,0,0,0,0,127.67380155014095,0,0,0,0,0,0,0,0
2020-07-28,0,0,0,0,0,0,0,0,0,0,127.54408526486604,0,0,0,0,0,0,0,0
2020-07-29,0,0,0,0,0,0,0,0,0,0,128.23935949153187,0,0,0,0,0,0,0,0
2020-07-30,0,0,0,0,0,0,0,0,0,0,128.10031730221777,0,0,0,0,0,0,0,0
2020-07-31,0,0,0,0,0,0,0,0,0,0,128.27649699743867,0,0,0,0,0,0,0,0
2020-08-03,0,0,0,0,0,0,0,0,0,0,128.44838155619368,0,0,0,0,0,0,0,0
2020-08-04,0,0,0,0,0,0,0,0,0,0,128.92223081952633,0,0,0,0,0,0,0,0
2020-08-05,0,0,0,0,0,0,0,0,0,0,128.7457189038053,0,0,0,0,0,0,0,0
2020-08-06,0,0,0,0,0,0,0,0,0,0,129.29392227907067,0,0,0,0,0,0,0,0
2020-08-07,0,0,0,0,0,0,0,0,0,0,128.93156463357747,0,0,0,0,0,0,0,0
2020-08-10,0,0,0,0,0,0,0,0,0,0,128.6528316339728,0,0,0,0,0,0,0,0
2020-08-11,0,0,0,0,0,0,0,0,0,0,127.8444284170026,0,0,0,0,0,0,0,0
2020-08-12,0,0,0,0,0,0,0,0,0,0,127.52851836143161,0,0,0,0,0,0,0,0
2020-08-13,0,0,0,0,0,0,0,0,0,0,126.37633020692755,0,0,0,0,0,0,0,0
2020-08-14,0,0,0,0,0,0,0,0,0,0,125.8188325676706,0,0,0,0,0,0,0,0
2020-08-17,0,0,0,0,0,0,0,0,0,0,126.07898494930399,0,0,0,0,0,0,0,0
2020-08-18,0,0,0,0,0,0,0,0,0,0,126.44139796488052,0,0,0,0,0,0,0,0
2020-08-19,0,0,0,0,0,0,0,0,0,0,126.10689938132639,0,0,0,0,0,0,0,0
2020-08-20,0,0,0,0,0,0,0,0,0,0,126.55288958272003,0,0,0,0,0,0,0,0
2020-08-21,0,0,0,0,0,0,0,0,0,0,126.78518290241439,0,0,0,0,0,0,0,0
2020-08-24,0,0,0,0,0,0,0,0,0,0,126.56214429665208,0,0,0,0,0,0,0,0
2020-08-25,0,0,0,0,0,0,0,0,0,0,126.01398838145816,0,0,0,0,0,0,0,0
2020-08-26,0,0,0,0,0,0,0,0,0,0,126.06040433133273,0,0,0,0,0,0,0,0
2020-08-27,0,0,0,0,0,0,0,0,0,0,125.05689276064642,0,0,0,0,0,0,0,0
2020-08-28,0,0,0,0,0,0,0,0,0,0,125.43791803424185,0,0,0,0,0,0,0,0
2020-08-31,0,0,0,0,0,0,0,0,0,0,125.99536821342737,0,0,0,0,0,0,0,0
2020-09-01,0,0,0,0,0,0,0,0,0,0,126.79154255198823,0,0,0,0,0,0,0,0
2020-09-02,0,0,0,0,0,0,0,0,0,0,127.29438200896276,0,0,0,0,0,0,0,0
2020-09-03,0,0,0,0,0,0,0,0,0,0,127.01500829839357,0,0,0,0,0,0,0,0
2020-09-04,0,0,0,0,0,0,0,0,0,0,125.66481672581517,0,0,0,0,0,0,0,0
2020-09-08,0,0,0,0,0,0,0,0,0,0,125.7858715480511,0,0,0,0,0,0,0,0
2020-09-09,0,0,0,0,0,0,0,0,0,0,125.86967812421351,0,0,0,0,0,0,0,0
2020-09-10,0,0,0,0,0,0,0,0,0,0,125.96277896436749,0,0,0,0,0,0,0,0
2020-09-11,0,0,0,0,0,0,0,0,0,0,126.05590353455722,0,0,0,0,0,0,0,0
2020-09-14,0,0,0,0,0,0,0,0,0,0,126.37253340121181,0,0,0,0,0,0,0,0
2020-09-15,0,0,0,0,0,0,0,0,0,0,126.51221630149043,0,0,0,0,0,0,0,0
2020-09-16,0,0,0,0,0,0,0,0,0,0,126.59602287765284,0,0,0,0,0,0,0,0
2020-09-17,0,0,0,0,0,0,0,0,0,0,126.62394521968714,0,0,0,0,0,0,0,0
2020-09-18,0,0,0,0,0,0,0,0,0,0,126.39109028914733,0,0,0,0,0,0,0,0
2020-09-21,0,0,0,0,0,0,0,0,0,0,126.27008292698285,0,0,0,0,0,0,0,0
2020-09-22,0,0,0,0,0,0,0,0,0,0,126.34460314916561,0,0,0,0,0,0,0,0
2020-09-23,0,0,0,0,0,0,0,0,0,0,125.43202507537059,0,0,0,0,0,0,0,0
2020-09-24,0,0,0,0,0,0,0,0,0,0,125.1154189387517,0,0,0,0,0,0,0,0
2020-09-25,0,0,0,0,0,0,0,0,0,0,124.98501448244085,0,0,0,0,0,0,0,0
2020-09-28,0,0,0,0,0,0,0,0,0,0,125.61828212576192,0,0,0,0,0,0,0,0
2020-09-29,0,0,0,0,0,0,0,0,0,0,125.45992368736917,0,0,0,0,0,0,0,0
2020-09-30,0,0,0,0,0,0,0,0,0,0,125.44134306939789,0,0,0,0,0,0,0,0
2020-10-01,0,0,0,0,0,0,0,0,0,0,125.79033279476702,0,0,0,0,0,0,0,0
2020-10-02,0,0,0,0,0,0,0,0,0,0,125.80901624289308,0,0,0,0,0,0,0,0
2020-10-05,0,0,0,0,0,0,0,0,0,0,125.38907371071159,0,0,0,0,0,0,0,0
2020-10-06,0,0,0,0,0,0,0,0,0,0,125.28640175614923,0,0,0,0,0,0,0,0
2020-10-07,0,0,0,0,0,0,0,0,0,0,125.32372910234182,0,0,0,0,0,0,0,0
2020-10-08,0,0,0,0,0,0,0,0,0,0,125.63172914600509,0,0,0,0,0,0,0,0
2020-10-09,0,0,0,0,0,0,0,0,0,0,125.9209666414232,0,0,0,0,0,0,0,0
2020-10-12,0,0,0,0,0,0,0,0,0,0,126.64896458735132,0,0,0,0,0,0,0,0
2020-10-13,0,0,0,0,0,0,0,0,0,0,126.52762500468671,0,0,0,0,0,0,0,0
2020-10-14,0,0,0,0,0,0,0,0,0,0,126.6489645873513,0,0,0,0,0,0,0,0
2020-10-15,0,0,0,0,0,0,0,0,0,0,126.51829910064748,0,0,0,0,0,0,0,0
2020-10-16,0,0,0,0,0,0,0,0,0,0,126.30362137747163,0,0,0,0,0,0,0,0
2020-10-19,0,0,0,0,0,0,0,0,0,0,126.06099758222577,0,0,0,0,0,0,0,0
2020-10-20,0,0,0,0,0,0,0,0,0,0,125.7996586988062,0,0,0,0,0,0,0,0
2020-10-21,0,0,0,0,0,0,0,0,0,0,125.59437806977674,0,0,0,0,0,0,0,0
2020-10-22,0,0,0,0,0,0,0,0,0,0,125.31440319830257,0,0,0,0,0,0,0,0
2020-10-23,0,0,0,0,0,0,0,0,0,0,125.63172914600506,0,0,0,0,0,0,0,0
2020-10-26,0,0,0,0,0,0,0,0,0,0,125.89302056935315,0,0,0,0,0,0,0,0
2020-10-27,0,0,0,0,0,0,0,0,0,0,126.40626960199825,0,0,0,0,0,0,0,0
2020-10-28,0,0,0,0,0,0,0,0,0,0,125.78099107070395,0,0,0,0,0,0,0,0
2020-10-29,0,0,0,0,0,0,0,0,0,0,125.45437876902179,0,0,0,0,0,0,0,0
2020-10-30,0,0,0,0,0,0,0,0,0,0,124.80108297555032,0,0,0,0,0,0,0,0
2020-11-02,0,0,0,0,0,0,0,0,0,0,125.29024602193634,0,0,0,0,0,0,0,0
2020-11-03,0,0,0,0,0,0,0,0,0,0,125.411838724982,0,0,0,0,0,0,0,0
2020-11-04,0,0,0,0,0,0,0,0,0,0,127.29159768477115,0,0,0,0,0,0,0,0
2020-11-05,0,0,0,0,0,0,0,0,0,0,127.7685714028074,0,0,0,0,0,0,0,0
2020-11-06,0,0,0,0,0,0,0,0,0,0,127.36641057739449,0,0,0,0,0,0,0,0
2020-11-09,0,0,0,0,0,0,0,0,0,0,126.40311350724708,0,0,0,0,0,0,0,0
2020-11-10,0,0,0,0,0,0,0,0,0,0,126.07581303452896,0,0,0,0,0,0,0,0
2020-11-11,0,0,0,0,0,0,0,0,0,0,126.3096250765096,0,0,0,0,0,0,0,0
2020-11-12,0,0,0,0,0,0,0,0,0,0,126.81461605672303,0,0,0,0,0,0,0,0
2020-11-13,0,0,0,0,0,0,0,0,0,0,126.96424184196967,0,0,0,0,0,0,0,0
2020-11-16,0,0,0,0,0,0,0,0,0,0,127.37572066140989,0,0,0,0,0,0,0,0
2020-11-17,0,0,0,0,0,0,0,0,0,0,127.78727067095727,0,0,0,0,0,0,0,0
2020-11-18,0,0,0,0,0,0,0,0,0,0,128.05844169917816,0,0,0,0,0,0,0,0
2020-11-19,0,0,0,0,0,0,0,0,0,0,128.76926700925458,0,0,0,0,0,0,0,0
2020-11-20,0,0,0,0,0,0,0,0,0,0,128.65701603027196,0,0,0,0,0,0,0,0
2020-11-23,0,0,0,0,0,0,0,0,0,0,128.81600726961736,0,0,0,0,0,0,0,0
2020-11-24,0,0,0,0,0,0,0,0,0,0,128.52608951317518,0,0,0,0,0,0,0,0
2020-11-25,0,0,0,0,0,0,0,0,0,0,128.60087867576277,0,0,0,0,0,0,0,0
2020-11-27,0,0,0,0,0,0,0,0,0,0,129.0591293956134,0,0,0,0,0,0,0,0
2020-11-30,0,0,0,0,0,0,0,0,0,0,129.5080225713772,0,0,0,0,0,0,0,0
2020-12-01,0,0,0,0,0,0,0,0,0,0,129.01701649221664,0,0,0,0,0,0,0,0
2020-12-02,0,0,0,0,0,0,0,0,0,0,128.58595248329289,0,0,0,0,0,0,0,0
2020-12-03,0,0,0,0,0,0,0,0,0,0,129.0919717650543,0,0,0,0,0,0,0,0
2020-12-04,0,0,0,0,0,0,0,0,0,0,128.3798333930012,0,0,0,0,0,0,0,0
2020-12-07,0,0,0,0,0,0,0,0,0,0,128.49224257222198,0,0,0,0,0,0,0,0
2020-12-08,0,0,0,0,0,0,0,0,0,0,128.34233202654664,0,0,0,0,0,0,0,0
2020-12-09,0,0,0,0,0,0,0,0,0,0,127.87376665116835,0,0,0,0,0,0,0,0
2020-12-10,0,0,0,0,0,0,0,0,0,0,128.51102094049094,0,0,0,0,0,0,0,0
2020-12-11,0,0,0,0,0,0,0,0,0,0,128.64218475794496,0,0,0,0,0,0,0,0
2020-12-14,0,0,0,0,0,0,0,0,0,0,128.54849066689786,0,0,0,0,0,0,0,0
2020-12-15,0,0,0,0,0,0,0,0,0,0,128.80145284770714,0,0,0,0,0,0,0,0
2020-12-16,0,0,0,0,0,0,0,0,0,0,128.6984407626327,0,0,0,0,0,0,0,0
2020-12-17,0,0,0,0,0,0,0,0,0,0,128.886248175358,0,0,0,0,0,0,0,0
2020-12-18,0,0,0,0,0,0,0,0,0,0,128.79230096392985,0,0,0,0,0,0,0,0
2020-12-21,0,0,0,0,0,0,0,0,0,0,128.53879299229894,0,0,0,0,0,0,0,0
2020-12-22,0,0,0,0,0,0,0,0,0,0,128.8955740793972,0,0,0,0,0,0,0,0
2020-12-23,0,0,0,0,0,0,0,0,0,0,128.92373372178872,0,0,0,0,0,0,0,0
2020-12-24,0,0,0,0,0,0,0,0,0,0,129.36508865620442,0,0,0,0,0,0,0,0
2020-12-28,0,0,0,0,0,0,0,0,0,0,129.44961504345045,0,0,0,0,0,0,0,0
2020-12-29,0,0,0,0,0,0,0,0,0,0,129.50592641822158,0,0,0,0,0,0,0,0
2020-12-30,0,0,0,0,0,0,0,0,0,0,129.6749396426541,0,0,0,0,0,0,0,0
2020-12-31,0,0,0,0,0,0,0,0,0,0,129.7031071950575,0,0,0,0,0,0,0,0
2021-01-04,0,0,0,0,0,0,0,0,0,0,129.04584848562027,0,0,0,0,0,0,0,0
2021-01-05,0,0,0,0,0,0,0,0,0,0,128.63273229371518,0,0,0,0,0,0,0,0
2021-01-06,0,0,0,0,0,0,0,0,0,0,127.59038256456189,0,0,0,0,0,0,0,0
2021-01-07,0,0,0,0,0,0,0,0,0,0,127.57159628628104,0,0,0,0,0,0,0,0
2021-01-08,0,0,0,0,0,0,0,0,0,0,127.47769653492433,0,0,0,0,0,0,0,0
2021-01-11,0,0,0,0,0,0,0,0,0,0,126.93308430506511,0,0,0,0,0,0,0,0
2021-01-12,0,0,0,0,0,0,0,0,0,0,127.2054101950245,0,0,0,0,0,0,0,0
2021-01-13,0,0,0,0,0,0,0,0,0,0,128.19133780923994,0,0,0,0,0,0,0,0
2021-01-14,0,0,0,0,0,0,0,0,0,0,127.63731266521049,0,0,0,0,0,0,0,0
2021-01-15,0,0,0,0,0,0,0,0,0,0,127.83446971201072,0,0,0,0,0,0,0,0
2021-01-19,0,0,0,0,0,0,0,0,0,0,128.0599050513811,0,0,0,0,0,0,0,0
2021-01-20,0,0,0,0,0,0,0,0,0,0,128.02234040483128,0,0,0,0,0,0,0,0
2021-01-21,0,0,0,0,0,0,0,0,0,0,127.51526909148613,0,0,0,0,0,0,0,0
2021-01-22,0,0,0,0,0,0,0,0,0,0,127.42140098017708,0,0,0,0,0,0,0,0
2021-01-25,0,0,0,0,0,0,0,0,0,0,127.96599739001252,0,0,0,0,0,0,0,0
2021-01-26,0,0,0,0,0,0,0,0,0,0,127.95660820587803,0,0,0,0,0,0,0,0
2021-01-27,0,0,0,0,0,0,0,0,0,0,127.73127569666248,0,0,0,0,0,0,0,0
2021-01-28,0,0,0,0,0,0,0,0,0,0,127.52465827562064,0,0,0,0,0,0,0,0
2021-01-29,0,0,0,0,0,0,0,0,0,0,127.32745376874895,0,0,0,0,0,0,0,0
2021-02-01,0,0,0,0,0,0,0,0,0,0,127.5786678369266,0,0,0,0,0,0,0,0
2021-02-02,0,0,0,0,0,0,0,0,0,0,127.23993739700178,0,0,0,0,0,0,0,0
2021-02-03,0,0,0,0,0,0,0,0,0,0,126.93886652376969,0,0,0,0,0,0,0,0
2021-02-04,0,0,0,0,0,0,0,0,0,0,127.15526862954144,0,0,0,0,0,0,0,0
2021-02-05,0,0,0,0,0,0,0,0,0,0,126.81658564968808,0,0,0,0,0,0,0,0
2021-02-08,0,0,0,0,0,0,0,0,0,0,127.36228155117867,0,0,0,0,0,0,0,0
2021-02-09,0,0,0,0,0,0,0,0,0,0,127.1646578136759,0,0,0,0,0,0,0,0
2021-02-10,0,0,0,0,0,0,0,0,0,0,127.46579196700328,0,0,0,0,0,0,0,0
2021-02-11,0,0,0,0,0,0,0,0,0,0,127.12704570705463,0,0,0,0,0,0,0,0
2021-02-12,0,0,0,0,0,0,0,0,0,0,126.7130831438754,0,0,0,0,0,0,0,0
2021-02-16,0,0,0,0,0,0,0,0,0,0,125.81928343834933,0,0,0,0,0,0,0,0
2021-02-17,0,0,0,0,0,0,0,0,0,0,126.4496243772646,0,0,0,0,0,0,0,0
2021-02-18,0,0,0,0,0,0,0,0,0,0,126.20507053911322,0,0,0,0,0,0,0,0
2021-02-19,0,0,0,0,0,0,0,0,0,0,125.29242127521104,0,0,0,0,0,0,0,0
2021-02-22,0,0,0,0,0,0,0,0,0,0,124.5115053496202,0,0,0,0,0,0,0,0
2021-02-23,0,0,0,0,0,0,0,0,0,0,124.60558703125078,0,0,0,0,0,0,0,0
2021-02-24,0,0,0,0,0,0,0,0,0,0,124.79375830452379,0,0,0,0,0,0,0,0
2021-02-25,0,0,0,0,0,0,0,0,0,0,122.81799553021052,0,0,0,0,0,0,0,0
2021-02-26,0,0,0,0,0,0,0,0,0,0,124.44570196055979,0,0,0,0,0,0,0,0
2021-03-01,0,0,0,0,0,0,0,0,0,0,124.5672630235578,0,0,0,0,0,0,0,0
2021-03-02,0,0,0,0,0,0,0,0,0,0,124.42585574068328,0,0,0,0,0,0,0,0
2021-03-03,0,0,0,0,0,0,0,0,0,0,123.50195843984828,0,0,0,0,0,0,0,0
2021-03-04,0,0,0,0,0,0,0,0,0,0,122.49318671124333,0,0,0,0,0,0,0,0
2021-03-05,0,0,0,0,0,0,0,0,0,0,122.33293778000457,0,0,0,0,0,0,0,0
2021-03-08,0,0,0,0,0,0,0,0,0,0,121.19217959270719,0,0,0,0,0,0,0,0
2021-03-09,0,0,0,0,0,0,0,0,0,0,122.10666397937199,0,0,0,0,0,0,0,0
2021-03-10,0,0,0,0,0,0,0,0,0,0,122.68176139512364,0,0,0,0,0,0,0,0
2021-03-11,0,0,0,0,0,0,0,0,0,0,122.75718335866387,0,0,0,0,0,0,0,0
2021-03-12,0,0,0,0,0,0,0,0,0,0,121.34302351978765,0,0,0,0,0,0,0,0
2021-03-15,0,0,0,0,0,0,0,0,0,0,121.7578245442291,0,0,0,0,0,0,0,0
2021-03-16,0,0,0,0,0,0,0,0,0,0,121.67299757653059,0,0,0,0,0,0,0,0
2021-03-17,0,0,0,0,0,0,0,0,0,0,121.78609492678733,0,0,0,0,0,0,0,0
2021-03-18,0,0,0,0,0,0,0,0,0,0,121.08849515662064,0,0,0,0,0,0,0,0
2021-03-19,0,0,0,0,0,0,0,0,0,0,121.26764110630695,0,0,0,0,0,0,0,0
2021-03-22,0,0,0,0,0,0,0,0,0,0,121.70128377911266,0,0,0,0,0,0,0,0
2021-03-23,0,0,0,0,0,0,0,0,0,0,122.05952030840189,0,0,0,0,0,0,0,0
2021-03-24,0,0,0,0,0,0,0,0,0,0,122.42720930192093,0,0,0,0,0,0,0,0
2021-03-25,0,0,0,0,0,0,0,0,0,0,122.2857941090345,0,0,0,0,0,0,0,0
2021-03-26,0,0,0,0,0,0,0,0,0,0,122.20094341130026,0,0,0,0,0,0,0,0
2021-03-29,0,0,0,0,0,0,0,0,0,0,121.90866056129764,0,0,0,0,0,0,0,0
2021-03-30,0,0,0,0,0,0,0,0,0,0,122.28579410903451,0,0,0,0,0,0,0,0
2021-03-31,0,0,0,0,0,0,0,0,0,0,122.60633152157153,0,0,0,0,0,0,0,0
2021-04-01,0,0,0,0,0,0,0,0,0,0,123.37526377912215,0,0,0,0,0,0,0,0
2021-04-05,0,0,0,0,0,0,0,0,0,0,122.77070156901421,0,0,0,0,0,0,0,0
2021-04-06,0,0,0,0,0,0,0,0,0,0,123.59248852613231,0,0,0,0,0,0,0,0
2021-04-07,0,0,0,0,0,0,0,0,0,0,123.34690638643295,0,0,0,0,0,0,0,0
2021-04-08,0,0,0,0,0,0,0,0,0,0,123.80028453894838,0,0,0,0,0,0,0,0
2021-04-09,0,0,0,0,0,0,0,0,0,0,123.54527366505502,0,0,0,0,0,0,0,0
2021-04-12,0,0,0,0,0,0,0,0,0,0,123.51691627236582,0,0,0,0,0,0,0,0
2021-04-13,0,0,0,0,0,0,0,0,0,0,124.06478742713105,0,0,0,0,0,0,0,0
2021-04-14,0,0,0,0,0,0,0,0,0,0,123.89479336122199,0,0,0,0,0,0,0,0
2021-04-15,0,0,0,0,0,0,0,0,0,0,124.65989717300928,0,0,0,0,0,0,0,0
2021-04-16,0,0,0,0,0,0,0,0,0,0,123.80980028327342,0,0,0,0,0,0,0,0
2021-04-19,0,0,0,0,0,0,0,0,0,0,123.4885430596528,0,0,0,0,0,0,0,0
2021-04-20,0,0,0,0,0,0,0,0,0,0,123.72473601521767,0,0,0,0,0,0,0,0
2021-04-21,0,0,0,0,0,0,0,0,0,0,124.14982005513917,0,0,0,0,0,0,0,0
2021-04-22,0,0,0,0,0,0,0,0,0,0,124.27258343994716,0,0,0,0,0,0,0,0
2021-04-23,0,0,0,0,0,0,0,0,0,0,124.37651308640285,0,0,0,0,0,0,0,0
2021-04-26,0,0,0,0,0,0,0,0,0,0,124.31984576109585,0,0,0,0,0,0,0,0
2021-04-27,0,0,0,0,0,0,0,0,0,0,123.76249050205324,0,0,0,0,0,0,0,0
2021-04-28,0,0,0,0,0,0,0,0,0,0,123.78141125053652,0,0,0,0,0,0,0,0
2021-04-29,0,0,0,0,0,0,0,0,0,0,123.63029047303931,0,0,0,0,0,0,0,0
2021-04-30,0,0,0,0,0,0,0,0,0,0,123.8853250769684,0,0,0,0,0,0,0,0
2021-05-03,0,0,0,0,0,0,0,0,0,0,124.18346924579465,0,0,0,0,0,0,0,0
2021-05-04,0,0,0,0,0,0,0,0,0,0,124.25918387977545,0,0,0,0,0,0,0,0
2021-05-05,0,0,0,0,0,0,0,0,0,0,124.41059732771325,0,0,0,0,0,0,0,0
2021-05-06,0,0,0,0,0,0,0,0,0,0,124.64724115395687,0,0,0,0,0,0,0,0
2021-05-07,0,0,0,0,0,0,0,0,0,0,124.69454302516509,0,0,0,0,0,0,0,0
2021-05-10,0,0,0,0,0,0,0,0,0,0,124.02255587355563,0,0,0,0,0,0,0,0
2021-05-11,0,0,0,0,0,0,0,0,0,0,123.56826806967078,0,0,0,0,0,0,0,0
2021-05-12,0,0,0,0,0,0,0,0,0,0,122.89632046812088,0,0,0,0,0,0,0,0
2021-05-13,0,0,0,0,0,0,0,0,0,0,123.36004491621165,0,0,0,0,0,0,0,0
2021-05-14,0,0,0,0,0,0,0,0,0,0,124.03201624779732,0,0,0,0,0,0,0,0
2021-05-17,0,0,0,0,0,0,0,0,0,0,123.89005526408924,0,0,0,0,0,0,0,0
2021-05-18,0,0,0,0,0,0,0,0,0,0,123.48306933141261,0,0,0,0,0,0,0,0
2021-05-19,0,0,0,0,0,0,0,0,0,0,123.26541744375947,0,0,0,0,0,0,0,0
2021-05-20,0,0,0,0,0,0,0,0,0,0,124.10773879179004,0,0,0,0,0,0,0,0
2021-05-21,0,0,0,0,0,0,0,0,0,0,124.19293753004821,0,0,0,0,0,0,0,0
2021-05-24,0,0,0,0,0,0,0,0,0,0,124.53364547294997,0,0,0,0,0,0,0,0
2021-05-25,0,0,0,0,0,0,0,0,0,0,124.99740947110027,0,0,0,0,0,0,0,0
2021-05-26,0,0,0,0,0,0,0,0,0,0,124.93115521136112,0,0,0,0,0,0,0,0
2021-05-27,0,0,0,0,0,0,0,0,0,0,124.55254249139752,0,0,0,0,0,0,0,0
2021-05-28,0,0,0,0,0,0,0,0,0,0,124.65669361818662,0,0,0,0,0,0,0,0
2021-06-01,0,0,0,0,0,0,0,0,0,0,124.6728300424784,0,0,0,0,0,0,0,0
2021-06-02,0,0,0,0,0,0,0,0,0,0,124.87196459225555,0,0,0,0,0,0,0,0
2021-06-03,0,0,0,0,0,0,0,0,0,0,124.37885444992754,0,0,0,0,0,0,0,0
2021-06-04,0,0,0,0,0,0,0,0,0,0,125.26074958753249,0,0,0,0,0,0,0,0
2021-06-07,0,0,0,0,0,0,0,0,0,0,125.1564244404814,0,0,0,0,0,0,0,0
2021-06-08,0,0,0,0,0,0,0,0,0,0,125.63058219427849,0,0,0,0,0,0,0,0
2021-06-09,0,0,0,0,0,0,0,0,0,0,126.08581128958038,0,0,0,0,0,0,0,0
2021-06-10,0,0,0,0,0,0,0,0,0,0,126.65475471606781,0,0,0,0,0,0,0,0
2021-06-11,0,0,0,0,0,0,0,0,0,0,126.759071953107,0,0,0,0,0,0,0,0
2021-06-14,0,0,0,0,0,0,0,0,0,0,126.2944141236111,0,0,0,0,0,0,0,0
2021-06-15,0,0,0,0,0,0,0,0,0,0,126.38924725637291,0,0,0,0,0,0,0,0
2021-06-16,0,0,0,0,0,0,0,0,0,0,126.02888293388048,0,0,0,0,0,0,0,0
2021-06-17,0,0,0,0,0,0,0,0,0,0,126.73061173026299,0,0,0,0,0,0,0,0
2021-06-18,0,0,0,0,0,0,0,0,0,0,127.39440410953603,0,0,0,0,0,0,0,0
2021-06-21,0,0,0,0,0,0,0,0,0,0,126.65475471606783,0,0,0,0,0,0,0,0
2021-06-22,0,0,0,0,0,0,0,0,0,0,126.86337337012235,0,0,0,0,0,0,0,0
2021-06-23,0,0,0,0,0,0,0,0,0,0,126.66421509030948,0,0,0,0,0,0,0,0
2021-06-24,0,0,0,0,0,0,0,0,0,0,126.91083344156873,0,0,0,0,0,0,0,0
2021-06-25,0,0,0,0,0,0,0,0,0,0,126.57888188184884,0,0,0,0,0,0,0,0
2021-06-28,0,0,0,0,0,0,0,0,0,0,127.11941254556373,0,0,0,0,0,0,0,0
2021-06-29,0,0,0,0,0,0,0,0,0,0,127.27115030398974,0,0,0,0,0,0,0,0
2021-06-30,0,0,0,0,0,0,0,0,0,0,127.41337231809075,0,0,0,0,0,0,0,0
2021-07-01,0,0,0,0,0,0,0,0,0,0,127.30226829083475,0,0,0,0,0,0,0,0
2021-07-02,0,0,0,0,0,0,0,0,0,0,127.66327332429174,0,0,0,0,0,0,0,0
2021-07-06,0,0,0,0,0,0,0,0,0,0,128.12880125509747,0,0,0,0,0,0,0,0
2021-07-07,0,0,0,0,0,0,0,0,0,0,128.56586105304729,0,0,0,0,0,0,0,0
2021-07-08,0,0,0,0,0,0,0,0,0,0,128.63231306308415,0,0,0,0,0,0,0,0
2021-07-09,0,0,0,0,0,0,0,0,0,0,128.09079364788082,0,0,0,0,0,0,0,0
2021-07-12,0,0,0,0,0,0,0,0,0,0,128.02432581782014,0,0,0,0,0,0,0,0
2021-07-13,0,0,0,0,0,0,0,0,0,0,127.54924259262985,0,0,0,0,0,0,0,0
2021-07-14,0,0,0,0,0,0,0,0,0,0,128.1383407294582,0,0,0,0,0,0,0,0
2021-07-15,0,0,0,0,0,0,0,0,0,0,128.41379107412115,0,0,0,0,0,0,0,0
2021-07-16,0,0,0,0,0,0,0,0,0,0,128.23331624243434,0,0,0,0,0,0,0,0
2021-07-19,0,0,0,0,0,0,0,0,0,0,129.15492754982802,0,0,0,0,0,0,0,0
2021-07-20,0,0,0,0,0,0,0,0,0,0,128.97439734805783,0,0,0,0,0,0,0,0
2021-07-21,0,0,0,0,0,0,0,0,0,0,128.51836934155327,0,0,0,0,0,0,0,0
2021-07-22,0,0,0,0,0,0,0,0,0,0,129.05040465247922,0,0,0,0,0,0,0,0
2021-07-23,0,0,0,0,0,0,0,0,0,0,128.99338137663636,0,0,0,0,0,0,0,0
2021-07-26,0,0,0,0,0,0,0,0,0,0,128.70835200755315,0,0,0,0,0,0,0,0
2021-07-27,0,0,0,0,0,0,0,0,0,0,129.2594108971172,0,0,0,0,0,0,0,0
2021-07-28,0,0,0,0,0,0,0,0,0,0,129.48740117033375,0,0,0,0,0,0,0,0
2021-07-29,0,0,0,0,0,0,0,0,0,0,129.11692785262323,0,0,0,0,0,0,0,0
2021-07-30,0,0,0,0,0,0,0,0,0,0,129.22139537988866,0,0,0,0,0,0,0,0
2021-08-02,0,0,0,0,0,0,0,0,0,0,129.5954519329934,0,0,0,0,0,0,0,0
2021-08-03,0,0,0,0,0,0,0,0,0,0,129.7287514536625,0,0,0,0,0,0,0,0
2021-08-04,0,0,0,0,0,0,0,0,0,0,129.75725913657797,0,0,0,0,0,0,0,0
2021-08-05,0,0,0,0,0,0,0,0,0,0,129.22429835425882,0,0,0,0,0,0,0,0
2021-08-06,0,0,0,0,0,0,0,0,0,0,128.16782925385024,0,0,0,0,0,0,0,0
2021-08-09,0,0,0,0,0,0,0,0,0,0,127.615757882762,0,0,0,0,0,0,0,0
2021-08-10,0,0,0,0,0,0,0,0,0,0,127.33021436290478,0,0,0,0,0,0,0,0
2021-08-11,0,0,0,0,0,0,0,0,0,0,127.53010827382508,0,0,0,0,0,0,0,0
2021-08-12,0,0,0,0,0,0,0,0,0,0,127.71090741600011,0,0,0,0,0,0,0,0
2021-08-13,0,0,0,0,0,0,0,0,0,0,128.5675617056075,0,0,0,0,0,0,0,0
2021-08-16,0,0,0,0,0,0,0,0,0,0,128.64369557021942,0,0,0,0,0,0,0,0
2021-08-17,0,0,0,0,0,0,0,0,0,0,128.41524651631224,0,0,0,0,0,0,0,0
2021-08-18,0,0,0,0,0,0,0,0,0,0,128.3295969073753,0,0,0,0,0,0,0,0
2021-08-19,0,0,0,0,0,0,0,0,0,0,128.62465617155752,0,0,0,0,0,0,0,0
2021-08-20,0,0,0,0,0,0,0,0,0,0,128.7103295105302,0,0,0,0,0,0,0,0
2021-08-23,0,0,0,0,0,0,0,0,0,0,128.80545531373255,0,0,0,0,0,0,0,0
2021-08-24,0,0,0,0,0,0,0,0,0,0,128.51043559960985,0,0,0,0,0,0,0,0
2021-08-25,0,0,0,0,0,0,0,0,0,0,128.17728171808002,0,0,0,0,0,0,0,0
2021-08-26,0,0,0,0,0,0,0,0,0,0,128.13920292075622,0,0,0,0,0,0,0,0
2021-08-27,0,0,0,0,0,0,0,0,0,0,128.8530735854171,0,0,0,0,0,0,0,0
2021-08-30,0,0,0,0,0,0,0,0,0,0,129.07195943492786,0,0,0,0,0,0,0,0
2021-08-31,0,0,0,0,0,0,0,0,0,0,128.77693972080516,0,0,0,0,0,0,0,0
2021-09-01,0,0,0,0,0,0,0,0,0,0,128.94282849053414,0,0,0,0,0,0,0,0
2021-09-02,0,0,0,0,0,0,0,0,0,0,129.1716414049891,0,0,0,0,0,0,0,0
2021-09-03,0,0,0,0,0,0,0,0,0,0,128.70446028169462,0,0,0,0,0,0,0,0
2021-09-07,0,0,0,0,0,0,0,0,0,0,128.0942898731441,0,0,0,0,0,0,0,0
2021-09-08,0,0,0,0,0,0,0,0,0,0,128.50425788030992,0,0,0,0,0,0,0,0
2021-09-09,0,0,0,0,0,0,0,0,0,0,129.34326493335115,0,0,0,0,0,0,0,0
2021-09-10,0,0,0,0,0,0,0,0,0,0,128.97142318358055,0,0,0,0,0,0,0,0
2021-09-13,0,0,0,0,0,0,0,0,0,0,129.28609927729394,0,0,0,0,0,0,0,0
2021-09-14,0,0,0,0,0,0,0,0,0,0,129.67697251571454,0,0,0,0,0,0,0,0
2021-09-15,0,0,0,0,0,0,0,0,0,0,129.52444375609772,0,0,0,0,0,0,0,0
2021-09-16,0,0,0,0,0,0,0,0,0,0,129.34326493335112,0,0,0,0,0,0,0,0
2021-09-17,0,0,0,0,0,0,0,0,0,0,129.05728636283897,0,0,0,0,0,0,0,0
2021-09-20,0,0,0,0,0,0,0,0,0,0,129.4576990756203,0,0,0,0,0,0,0,0
2021-09-21,0,0,0,0,0,0,0,0,0,0,129.44812005120005,0,0,0,0,0,0,0,0
2021-09-22,0,0,0,0,0,0,0,0,0,0,129.81045396665752,0,0,0,0,0,0,0,0
2021-09-23,0,0,0,0,0,0,0,0,0,0,128.91424170749957,0,0,0,0,0,0,0,0
2021-09-24,0,0,0,0,0,0,0,0,0,0,128.63769978119336,0,0,0,0,0,0,0,0
2021-09-27,0,0,0,0,0,0,0,0,0,0,128.57097883075164,0,0,0,0,0,0,0,0
2021-09-28,0,0,0,0,0,0,0,0,0,0,127.1980301539147,0,0,0,0,0,0,0,0
2021-09-29,0,0,0,0,0,0,0,0,0,0,127.16944337088017,0,0,0,0,0,0,0,0
2021-09-30,0,0,0,0,0,0,0,0,0,0,126.83571205848104,0,0,0,0,0,0,0,0
2021-10-01,0,0,0,0,0,0,0,0,0,0,127.75756066623194,0,0,0,0,0,0,0,0
2021-10-04,0,0,0,0,0,0,0,0,0,0,127.54743119990303,0,0,0,0,0,0,0,0
2021-10-05,0,0,0,0,0,0,0,0,0,0,127.02203238896767,0,0,0,0,0,0,0,0
2021-10-06,0,0,0,0,0,0,0,0,0,0,127.06020610643438,0,0,0,0,0,0,0,0
2021-10-07,0,0,0,0,0,0,0,0,0,0,126.4966335780323,0,0,0,0,0,0,0,0
2021-10-08,0,0,0,0,0,0,0,0,0,0,125.91391091080162,0,0,0,0,0,0,0,0
2021-10-11,0,0,0,0,0,0,0,0,0,0,125.67509183128335,0,0,0,0,0,0,0,0
2021-10-12,0,0,0,0,0,0,0,0,0,0,126.47749925922753,0,0,0,0,0,0,0,0
2021-10-13,0,0,0,0,0,0,0,0,0,0,127.117506232694,0,0,0,0,0,0,0,0
2021-10-14,0,0,0,0,0,0,0,0,0,0,127.7193553087176,0,0,0,0,0,0,0,0
2021-10-15,0,0,0,0,0,0,0,0,0,0,127.26080400841447,0,0,0,0,0,0,0,0
2021-10-18,0,0,0,0,0,0,0,0,0,0,127.15572741023216,0,0,0,0,0,0,0,0
2021-10-19,0,0,0,0,0,0,0,0,0,0,126.45841240049415,0,0,0,0,0,0,0,0
2021-10-20,0,0,0,0,0,0,0,0,0,0,126.15270626028413,0,0,0,0,0,0,0,0
2021-10-21,0,0,0,0,0,0,0,0,0,0,125.885245027648,0,0,0,0,0,0,0,0
2021-10-22,0,0,0,0,0,0,0,0,0,0,126.39155697985,0,0,0,0,0,0,0,0
2021-10-25,0,0,0,0,0,0,0,0,0,0,126.44884919609771,0,0,0,0,0,0,0,0
2021-10-26,0,0,0,0,0,0,0,0,0,0,126.99332695575455,0,0,0,0,0,0,0,0
2021-10-27,0,0,0,0,0,0,0,0,0,0,127.76712387062841,0,0,0,0,0,0,0,0
2021-10-28,0,0,0,0,0,0,0,0,0,0,127.57608126303285,0,0,0,0,0,0,0,0
2021-10-29,0,0,0,0,0,0,0,0,0,0,127.50922584238872,0,0,0,0,0,0,0,0
2021-11-01,0,0,0,0,0,0,0,0,0,0,127.28137794938651,0,0,0,0,0,0,0,0
2021-11-02,0,0,0,0,0,0,0,0,0,0,127.76956806430789,0,0,0,0,0,0,0,0
2021-11-03,0,0,0,0,0,0,0,0,0,0,127.44412644438808,0,0,0,0,0,0,0,0
2021-11-04,0,0,0,0,0,0,0,0,0,0,128.1141202729968,0,0,0,0,0,0,0,0
2021-11-05,0,0,0,0,0,0,0,0,0,0,129.05212903507518,0,0,0,0,0,0,0,0
2021-11-08,0,0,0,0,0,0,0,0,0,0,128.75541657840424,0,0,0,0,0,0,0,0
2021-11-09,0,0,0,0,0,0,0,0,0,0,129.09996878709313,0,0,0,0,0,0,0,0
2021-11-10,0,0,0,0,0,0,0,0,0,0,127.77911544868053,0,0,0,0,0,0,0,0
2021-11-11,0,0,0,0,0,0,0,0,0,0,127.41539728113919,0,0,0,0,0,0,0,0
2021-11-12,0,0,0,0,0,0,0,0,0,0,127.28137794938651,0,0,0,0,0,0,0,0
2021-11-15,0,0,0,0,0,0,0,0,0,0,126.31467957411876,0,0,0,0,0,0,0,0
2021-11-16,0,0,0,0,0,0,0,0,0,0,126.10409923711111,0,0,0,0,0,0,0,0
2021-11-17,0,0,0,0,0,0,0,0,0,0,126.6114078508135,0,0,0,0,0,0,0,0
2021-11-18,0,0,0,0,0,0,0,0,0,0,126.89853337305226,0,0,0,0,0,0,0,0
2021-11-19,0,0,0,0,0,0,0,0,0,0,127.37709700348195,0,0,0,0,0,0,0,0
2021-11-22,0,0,0,0,0,0,0,0,0,0,126.26683191208886,0,0,0,0,0,0,0,0
2021-11-23,0,0,0,0,0,0,0,0,0,0,125.3671076076439,0,0,0,0,0,0,0,0
2021-11-24,0,0,0,0,0,0,0,0,0,0,125.97010363539414,0,0,0,0,0,0,0,0
2021-11-26,0,0,0,0,0,0,0,0,0,0,126.99421287708816,0,0,0,0,0,0,0,0
2021-11-29,0,0,0,0,0,0,0,0,0,0,127.08041618685863,0,0,0,0,0,0,0,0
2021-11-30,0,0,0,0,0,0,0,0,0,0,127.35798641471285,0,0,0,0,0,0,0,0
2021-12-01,0,0,0,0,0,0,0,0,0,0,127.37619526212445,0,0,0,0,0,0,0,0
2021-12-02,0,0,0,0,0,0,0,0,0,0,127.673453509617,0,0,0,0,0,0,0,0
2021-12-03,0,0,0,0,0,0,0,0,0,0,128.73781680190953,0,0,0,0,0,0,0,0
2021-12-06,0,0,0,0,0,0,0,0,0,0,128.08577079031946,0,0,0,0,0,0,0,0
2021-12-07,0,0,0,0,0,0,0,0,0,0,128.14329239691247,0,0,0,0,0,0,0,0
2021-12-08,0,0,0,0,0,0,0,0,0,0,127.28986539216346,0,0,0,0,0,0,0,0
2021-12-09,0,0,0,0,0,0,0,0,0,0,127.18438538337386,0,0,0,0,0,0,0,0
2021-12-10,0,0,0,0,0,0,0,0,0,0,127.32823685992788,0,0,0,0,0,0,0,0
2021-12-13,0,0,0,0,0,0,0,0,0,0,127.90354784600103,0,0,0,0,0,0,0,0
2021-12-14,0,0,0,0,0,0,0,0,0,0,127.32823685992787,0,0,0,0,0,0,0,0
2021-12-15,0,0,0,0,0,0,0,0,0,0,127.49124638532241,0,0,0,0,0,0,0,0
2021-12-16,0,0,0,0,0,0,0,0,0,0,127.48744166959477,0,0,0,0,0,0,0,0
2021-12-17,0,0,0,0,0,0,0,0,0,0,127.78524570790897,0,0,0,0,0,0,0,0
2021-12-20,0,0,0,0,0,0,0,0,0,0,127.22801700905691,0,0,0,0,0,0,0,0
2021-12-21,0,0,0,0,0,0,0,0,0,0,127.47781518510308,0,0,0,0,0,0,0,0
2021-12-22,0,0,0,0,0,0,0,0,0,0,127.6795600388098,0,0,0,0,0,0,0,0
2021-12-23,0,0,0,0,0,0,0,0,0,0,127.4874416695948,0,0,0,0,0,0,0,0
2021-12-27,0,0,0,0,0,0,0,0,0,0,127.86209938360453,0,0,0,0,0,0,0,0
2021-12-28,0,0,0,0,0,0,0,0,0,0,127.6987813677456,0,0,0,0,0,0,0,0
2021-12-29,0,0,0,0,0,0,0,0,0,0,126.99745598197036,0,0,0,0,0,0,0,0
2021-12-30,0,0,0,0,0,0,0,0,0,0,127.50663135848296,0,0,0,0,0,0,0,0
2021-12-31,0,0,0,0,0,0,0,0,0,0,127.31446552919653,0,0,0,0,0,0,0,0
2022-01-03,0,0,0,0,0,0,0,0,0,0,125.95987598999744,0,0,0,0,0,0,0,0
2022-01-04,0,0,0,0,0,0,0,0,0,0,126.06556165909666,0,0,0,0,0,0,0,0
2022-01-05,0,0,0,0,0,0,0,0,0,0,125.32578570543792,0,0,0,0,0,0,0,0
2022-01-06,0,0,0,0,0,0,0,0,0,0,125.16245977956709,0,0,0,0,0,0,0,0
2022-01-07,0,0,0,0,0,0,0,0,0,0,124.62448404969841,0,0,0,0,0,0,0,0
2022-01-10,0,0,0,0,0,0,0,0,0,0,124.50919562614322,0,0,0,0,0,0,0,0
2022-01-11,0,0,0,0,0,0,0,0,0,0,124.88389289021246,0,0,0,0,0,0,0,0
2022-01-12,0,0,0,0,0,0,0,0,0,0,124.79742064003715,0,0,0,0,0,0,0,0
2022-01-13,0,0,0,0,0,0,0,0,0,0,125.19129968298265,0,0,0,0,0,0,0,0
2022-01-14,0,0,0,0,0,0,0,0,0,0,124.08644503973447,0,0,0,0,0,0,0,0
2022-01-18,0,0,0,0,0,0,0,0,0,0,122.90478418086222,0,0,0,0,0,0,0,0
2022-01-19,0,0,0,0,0,0,0,0,0,0,123.09692628011294,0,0,0,0,0,0,0,0
2022-01-20,0,0,0,0,0,0,0,0,0,0,123.02967535887339,0,0,0,0,0,0,0,0
2022-01-21,0,0,0,0,0,0,0,0,0,0,123.83667059372405,0,0,0,0,0,0,0,0
2022-01-24,0,0,0,0,0,0,0,0,0,0,123.4523863952226,0,0,0,0,0,0,0,0
2022-01-25,0,0,0,0,0,0,0,0,0,0,123.10652903456895,0,0,0,0,0,0,0,0
2022-01-26,0,0,0,0,0,0,0,0,0,0,122.27070971632655,0,0,0,0,0,0,0,0
2022-01-27,0,0,0,0,0,0,0,0,0,0,122.54931615574067,0,0,0,0,0,0,0,0
2022-01-28,0,0,0,0,0,0,0,0,0,0,122.68382590823164,0,0,0,0,0,0,0,0
2022-01-31,0,0,0,0,0,0,0,0,0,0,122.7414661650033,0,0,0,0,0,0,0,0
2022-02-01,0,0,0,0,0,0,0,0,0,0,122.94551283217518,0,0,0,0,0,0,0,0
2022-02-02,0,0,0,0,0,0,0,0,0,0,122.95512349664305,0,0,0,0,0,0,0,0
2022-02-03,0,0,0,0,0,0,0,0,0,0,121.96373006419937,0,0,0,0,0,0,0,0
2022-02-04,0,0,0,0,0,0,0,0,0,0,120.75092748844638,0,0,0,0,0,0,0,0
2022-02-07,0,0,0,0,0,0,0,0,0,0,120.97231290171997,0,0,0,0,0,0,0,0
2022-02-08,0,0,0,0,0,0,0,0,0,0,120.51990768066916,0,0,0,0,0,0,0,0
2022-02-09,0,0,0,0,0,0,0,0,0,0,120.9241646592376,0,0,0,0,0,0,0,0
2022-02-10,0,0,0,0,0,0,0,0,0,0,119.27824147146485,0,0,0,0,0,0,0,0
2022-02-11,0,0,0,0,0,0,0,0,0,0,120.16376730453544,0,0,0,0,0,0,0,0
2022-02-14,0,0,0,0,0,0,0,0,0,0,119.09534617613427,0,0,0,0,0,0,0,0
2022-02-15,0,0,0,0,0,0,0,0,0,0,118.49857532775543,0,0,0,0,0,0,0,0
2022-02-16,0,0,0,0,0,0,0,0,0,0,118.6718441385943,0,0,0,0,0,0,0,0
2022-02-17,0,0,0,0,0,0,0,0,0,0,118.75845085897207,0,0,0,0,0,0,0,0
2022-02-18,0,0,0,0,0,0,0,0,0,0,119.04722166368762,0,0,0,0,0,0,0,0
2022-02-22,0,0,0,0,0,0,0,0,0,0,118.89319791182027,0,0,0,0,0,0,0,0
2022-02-23,0,0,0,0,0,0,0,0,0,0,117.8151582089393,0,0,0,0,0,0,0,0
2022-02-24,0,0,0,0,0,0,0,0,0,0,118.37344684938702,0,0,0,0,0,0,0,0
2022-02-25,0,0,0,0,0,0,0,0,0,0,118.85473152391296,0,0,0,0,0,0,0,0
2022-02-28,0,0,0,0,0,0,0,0,0,0,120.1252771865924,0,0,0,0,0,0,0,0
2022-03-01,0,0,0,0,0,0,0,0,0,0,120.53614693511571,0,0,0,0,0,0,0,0
2022-03-02,0,0,0,0,0,0,0,0,0,0,118.70357119635618,0,0,0,0,0,0,0,0
2022-03-03,0,0,0,0,0,0,0,0,0,0,119.1375777297096,0,0,0,0,0,0,0,0
2022-03-04,0,0,0,0,0,0,0,0,0,0,119.25334075397927,0,0,0,0,0,0,0,0
2022-03-07,0,0,0,0,0,0,0,0,0,0,117.80655211598366,0,0,0,0,0,0,0,0
2022-03-08,0,0,0,0,0,0,0,0,0,0,117.10248195607646,0,0,0,0,0,0,0,0
2022-03-09,0,0,0,0,0,0,0,0,0,0,117.30501781097391,0,0,0,0,0,0,0,0
2022-03-10,0,0,0,0,0,0,0,0,0,0,115.96434198272053,0,0,0,0,0,0,0,0
2022-03-11,0,0,0,0,0,0,0,0,0,0,115.91610673010719,0,0,0,0,0,0,0,0
2022-03-14,0,0,0,0,0,0,0,0,0,0,114.2378315936318,0,0,0,0,0,0,0,0
2022-03-15,0,0,0,0,0,0,0,0,0,0,115.13483485398051,0,0,0,0,0,0,0,0
2022-03-16,0,0,0,0,0,0,0,0,0,0,116.1186584050285,0,0,0,0,0,0,0,0
2022-03-17,0,0,0,0,0,0,0,0,0,0,117.25679046837249,0,0,0,0,0,0,0,0
2022-03-18,0,0,0,0,0,0,0,0,0,0,117.48826905684035,0,0,0,0,0,0,0,0
2022-03-21,0,0,0,0,0,0,0,0,0,0,115.8582291729783,0,0,0,0,0,0,0,0
2022-03-22,0,0,0,0,0,0,0,0,0,0,115.57852324190898,0,0,0,0,0,0,0,0
2022-03-23,0,0,0,0,0,0,0,0,0,0,115.90646442559165,0,0,0,0,0,0,0,0
2022-03-24,0,0,0,0,0,0,0,0,0,0,115.95469176819311,0,0,0,0,0,0,0,0
2022-03-25,0,0,0,0,0,0,0,0,0,0,115.03839598880144,0,0,0,0,0,0,0,0
2022-03-28,0,0,0,0,0,0,0,0,0,0,115.67497792711188,0,0,0,0,0,0,0,0
2022-03-29,0,0,0,0,0,0,0,0,0,0,116.64915126363242,0,0,0,0,0,0,0,0
2022-03-30,0,0,0,0,0,0,0,0,0,0,116.91919907016238,0,0,0,0,0,0,0,0
2022-03-31,0,0,0,0,0,0,0,0,0,0,116.64915126363242,0,0,0,0,0,0,0,0
2022-04-01,0,0,0,0,0,0,0,0,0,0,117.04060984293416,0,0,0,0,0,0,0,0
2022-04-04,0,0,0,0,0,0,0,0,0,0,117.44655165403896,0,0,0,0,0,0,0,0
2022-04-05,0,0,0,0,0,0,0,0,0,0,115.38776539474213,0,0,0,0,0,0,0,0
2022-04-06,0,0,0,0,0,0,0,0,0,0,114.71119834623812,0,0,0,0,0,0,0,0
2022-04-07,0,0,0,0,0,0,0,0,0,0,114.17958226594325,0,0,0,0,0,0,0,0
2022-04-08,0,0,0,0,0,0,0,0,0,0,113.28068060273668,0,0,0,0,0,0,0,0
2022-04-11,0,0,0,0,0,0,0,0,0,0,112.1788001239658,0,0,0,0,0,0,0,0
2022-04-12,0,0,0,0,0,0,0,0,0,0,112.25612049036388,0,0,0,0,0,0,0,0
2022-04-13,0,0,0,0,0,0,0,0,0,0,112.83605883340307,0,0,0,0,0,0,0,0
2022-04-14,0,0,0,0,0,0,0,0,0,0,111.52154141452856,0,0,0,0,0,0,0,0
2022-04-18,0,0,0,0,0,0,0,0,0,0,110.6709620140663,0,0,0,0,0,0,0,0
2022-04-19,0,0,0,0,0,0,0,0,0,0,109.79140032997414,0,0,0,0,0,0,0,0
2022-04-20,0,0,0,0,0,0,0,0,0,0,110.9319528569619,0,0,0,0,0,0,0,0
2022-04-21,0,0,0,0,0,0,0,0,0,0,109.75274410178106,0,0,0,0,0,0,0,0
2022-04-22,0,0,0,0,0,0,0,0,0,0,109.62710147263864,0,0,0,0,0,0,0,0
2022-04-25,0,0,0,0,0,0,0,0,0,0,110.84494272597686,0,0,0,0,0,0,0,0
2022-04-26,0,0,0,0,0,0,0,0,0,0,110.7869702487051,0,0,0,0,0,0,0,0
2022-04-27,0,0,0,0,0,0,0,0,0,0,109.72372226809159,0,0,0,0,0,0,0,0
2022-04-28,0,0,0,0,0,0,0,0,0,0,110.05235162281022,0,0,0,0,0,0,0,0
2022-04-29,0,0,0,0,0,0,0,0,0,0,108.8345182794839,0,0,0,0,0,0,0,0
2022-05-02,0,0,0,0,0,0,0,0,0,0,108.18932233820593,0,0,0,0,0,0,0,0
2022-05-03,0,0,0,0,0,0,0,0,0,0,108.88683509824165,0,0,0,0,0,0,0,0
2022-05-04,0,0,0,0,0,0,0,0,0,0,109.95243235239175,0,0,0,0,0,0,0,0
2022-05-05,0,0,0,0,0,0,0,0,0,0,108.26683254488981,0,0,0,0,0,0,0,0
2022-05-06,0,0,0,0,0,0,0,0,0,0,107.34651847944903,0,0,0,0,0,0,0,0
2022-05-09,0,0,0,0,0,0,0,0,0,0,107.72432437819802,0,0,0,0,0,0,0,0
2022-05-10,0,0,0,0,0,0,0,0,0,0,108.17962466360706,0,0,0,0,0,0,0,0
2022-05-11,0,0,0,0,0,0,0,0,0,0,108.6833895919748,0,0,0,0,0,0,0,0
2022-05-12,0,0,0,0,0,0,0,0,0,0,108.73184632492156,0,0,0,0,0,0,0,0
2022-05-13,0,0,0,0,0,0,0,0,0,0,108.16026886446883,0,0,0,0,0,0,0,0
2022-05-16,0,0,0,0,0,0,0,0,0,0,108.30556787320195,0,0,0,0,0,0,0,0
2022-05-17,0,0,0,0,0,0,0,0,0,0,107.68558113987392,0,0,0,0,0,0,0,0
2022-05-18,0,0,0,0,0,0,0,0,0,0,108.08276656779685,0,0,0,0,0,0,0,0
2022-05-19,0,0,0,0,0,0,0,0,0,0,108.37338831529884,0,0,0,0,0,0,0,0
2022-05-20,0,0,0,0,0,0,0,0,0,0,108.90619880739175,0,0,0,0,0,0,0,0
2022-05-23,0,0,0,0,0,0,0,0,0,0,108.51869523404386,0,0,0,0,0,0,0,0
2022-05-24,0,0,0,0,0,0,0,0,0,0,109.94274258780474,0,0,0,0,0,0,0,0
2022-05-25,0,0,0,0,0,0,0,0,0,0,111.07619983411128,0,0,0,0,0,0,0,0
2022-05-26,0,0,0,0,0,0,0,0,0,0,111.10525330784839,0,0,0,0,0,0,0,0
2022-05-27,0,0,0,0,0,0,0,0,0,0,111.68648098282853,0,0,0,0,0,0,0,0
2022-05-31,0,0,0,0,0,0,0,0,0,0,110.86306456325747,0,0,0,0,0,0,0,0
2022-06-01,0,0,0,0,0,0,0,0,0,0,110.21632616965746,0,0,0,0,0,0,0,0
2022-06-02,0,0,0,0,0,0,0,0,0,0,110.26490155278286,0,0,0,0,0,0,0,0
2022-06-03,0,0,0,0,0,0,0,0,0,0,109.91531066650872,0,0,0,0,0,0,0,0
2022-06-06,0,0,0,0,0,0,0,0,0,0,109.13843675700274,0,0,0,0,0,0,0,0
2022-06-07,0,0,0,0,0,0,0,0,0,0,109.72107241410247,0,0,0,0,0,0,0,0
2022-06-08,0,0,0,0,0,0,0,0,0,0,109.08989301392499,0,0,0,0,0,0,0,0
2022-06-09,0,0,0,0,0,0,0,0,0,0,108.37129216214328,0,0,0,0,0,0,0,0
2022-06-10,0,0,0,0,0,0,0,0,0,0,107.32253532334471,0,0,0,0,0,0,0,0
2022-06-13,0,0,0,0,0,0,0,0,0,0,104.84631400564113,0,0,0,0,0,0,0,0
2022-06-14,0,0,0,0,0,0,0,0,0,0,104.30250859699646,0,0,0,0,0,0,0,0
2022-06-15,0,0,0,0,0,0,0,0,0,0,105.93390900290667,0,0,0,0,0,0,0,0
2022-06-16,0,0,0,0,0,0,0,0,0,0,106.05045511835517,0,0,0,0,0,0,0,0
2022-06-17,0,0,0,0,0,0,0,0,0,0,106.26408080994729,0,0,0,0,0,0,0,0
2022-06-21,0,0,0,0,0,0,0,0,0,0,105.19590489191526,0,0,0,0,0,0,0,0
2022-06-22,0,0,0,0,0,0,0,0,0,0,105.96304948677474,0,0,0,0,0,0,0,0
2022-06-23,0,0,0,0,0,0,0,0,0,0,106.77872991470007,0,0,0,0,0,0,0,0
2022-06-24,0,0,0,0,0,0,0,0,0,0,106.90497370474746,0,0,0,0,0,0,0,0
2022-06-27,0,0,0,0,0,0,0,0,0,0,105.92418759827206,0,0,0,0,0,0,0,0
2022-06-28,0,0,0,0,0,0,0,0,0,0,105.89507084443972,0,0,0,0,0,0,0,0
2022-06-29,0,0,0,0,0,0,0,0,0,0,106.52625815462908,0,0,0,0,0,0,0,0
2022-06-30,0,0,0,0,0,0,0,0,0,0,106.84670855703511,0,0,0,0,0,0,0,0
2022-07-01,0,0,0,0,0,0,0,0,0,0,108.19723235011364,0,0,0,0,0,0,0,0
2022-07-05,0,0,0,0,0,0,0,0,0,0,108.16802067613837,0,0,0,0,0,0,0,0
2022-07-06,0,0,0,0,0,0,0,0,0,0,107.63251286998492,0,0,0,0,0,0,0,0
2022-07-07,0,0,0,0,0,0,0,0,0,0,107.62275982530268,0,0,0,0,0,0,0,0
2022-07-08,0,0,0,0,0,0,0,0,0,0,107.44748187143925,0,0,0,0,0,0,0,0
2022-07-11,0,0,0,0,0,0,0,0,0,0,107.74933583585022,0,0,0,0,0,0,0,0
2022-07-12,0,0,0,0,0,0,0,0,0,0,107.9051156103611,0,0,0,0,0,0,0,0
2022-07-13,0,0,0,0,0,0,0,0,0,0,108.71330525700978,0,0,0,0,0,0,0,0
2022-07-14,0,0,0,0,0,0,0,0,0,0,108.02197812628592,0,0,0,0,0,0,0,0
2022-07-15,0,0,0,0,0,0,0,0,0,0,108.8885673908494,0,0,0,0,0,0,0,0
2022-07-18,0,0,0,0,0,0,0,0,0,0,108.1290717775047,0,0,0,0,0,0,0,0
2022-07-19,0,0,0,0,0,0,0,0,0,0,108.43092574191567,0,0,0,0,0,0,0,0
2022-07-20,0,0,0,0,0,0,0,0,0,0,108.31407113600272,0,0,0,0,0,0,0,0
2022-07-21,0,0,0,0,0,0,0,0,0,0,109.79408182401086,0,0,0,0,0,0,0,0
2022-07-22,0,0,0,0,0,0,0,0,0,0,110.64122036929322,0,0,0,0,0,0,0,0
2022-07-25,0,0,0,0,0,0,0,0,0,0,109.7064626221089,0,0,0,0,0,0,0,0
2022-07-26,0,0,0,0,0,0,0,0,0,0,109.68699608280396,0,0,0,0,0,0,0,0
2022-07-27,0,0,0,0,0,0,0,0,0,0,110.41727211216151,0,0,0,0,0,0,0,0
2022-07-28,0,0,0,0,0,0,0,0,0,0,111.33253959000518,0,0,0,0,0,0,0,0
2022-07-29,0,0,0,0,0,0,0,0,0,0,111.59544465578247,0,0,0,0,0,0,0,0
2022-08-01,0,0,0,0,0,0,0,0,0,0,111.8160390678653,0,0,0,0,0,0,0,0
2022-08-02,0,0,0,0,0,0,0,0,0,0,110.44952914072127,0,0,0,0,0,0,0,0
2022-08-03,0,0,0,0,0,0,0,0,0,0,111.6501028380649,0,0,0,0,0,0,0,0
2022-08-04,0,0,0,0,0,0,0,0,0,0,111.82577629252371,0,0,0,0,0,0,0,0
2022-08-05,0,0,0,0,0,0,0,0,0,0,110.31292323507472,0,0,0,0,0,0,0,0
2022-08-08,0,0,0,0,0,0,0,0,0,0,110.75212664625153,0,0,0,0,0,0,0,0
2022-08-09,0,0,0,0,0,0,0,0,0,0,110.25435750690988,0,0,0,0,0,0,0,0
2022-08-10,0,0,0,0,0,0,0,0,0,0,111.29872428909962,0,0,0,0,0,0,0,0
2022-08-11,0,0,0,0,0,0,0,0,0,0,110.22505882280366,0,0,0,0,0,0,0,0
2022-08-12,0,0,0,0,0,0,0,0,0,0,111.50371224768853,0,0,0,0,0,0,0,0
2022-08-15,0,0,0,0,0,0,0,0,0,0,111.42561670012347,0,0,0,0,0,0,0,0
2022-08-16,0,0,0,0,0,0,0,0,0,0,110.99614260359317,0,0,0,0,0,0,0,0
2022-08-17,0,0,0,0,0,0,0,0,0,0,109.95177582140343,0,0,0,0,0,0,0,0
2022-08-18,0,0,0,0,0,0,0,0,0,0,110.23482768750968,0,0,0,0,0,0,0,0
2022-08-19,0,0,0,0,0,0,0,0,0,0,108.92692303859002,0,0,0,0,0,0,0,0
2022-08-22,0,0,0,0,0,0,0,0,0,0,108.19488307657706,0,0,0,0,0,0,0,0
2022-08-23,0,0,0,0,0,0,0,0,0,0,108.31199871288293,0,0,0,0,0,0,0,0
2022-08-24,0,0,0,0,0,0,0,0,0,0,107.9898951179882,0,0,0,0,0,0,0,0
2022-08-25,0,0,0,0,0,0,0,0,0,0,109.10261231307265,0,0,0,0,0,0,0,0
2022-08-26,0,0,0,0,0,0,0,0,0,0,108.44865998861283,0,0,0,0,0,0,0,0
2022-08-29,0,0,0,0,0,0,0,0,0,0,107.64829334374089,0,0,0,0,0,0,0,0
2022-08-30,0,0,0,0,0,0,0,0,0,0,107.78495461947075,0,0,0,0,0,0,0,0
2022-08-31,0,0,0,0,0,0,0,0,0,0,106.65271551499802,0,0,0,0,0,0,0,0
2022-09-01,0,0,0,0,0,0,0,0,0,0,106.01065193843549,0,0,0,0,0,0,0,0
2022-09-02,0,0,0,0,0,0,0,0,0,0,106.08896105632206,0,0,0,0,0,0,0,0
2022-09-06,0,0,0,0,0,0,0,0,0,0,104.65016944036516,0,0,0,0,0,0,0,0
2022-09-07,0,0,0,0,0,0,0,0,0,0,106.07916846158028,0,0,0,0,0,0,0,0
2022-09-08,0,0,0,0,0,0,0,0,0,0,105.83447224321459,0,0,0,0,0,0,0,0
2022-09-09,0,0,0,0,0,0,0,0,0,0,106.07916846158027,0,0,0,0,0,0,0,0
2022-09-12,0,0,0,0,0,0,0,0,0,0,105.84426483795635,0,0,0,0,0,0,0,0
2022-09-13,0,0,0,0,0,0,0,0,0,0,105.08083003868161,0,0,0,0,0,0,0,0
2022-09-14,0,0,0,0,0,0,0,0,0,0,105.58001507015476,0,0,0,0,0,0,0,0
2022-09-15,0,0,0,0,0,0,0,0,0,0,105.07102953392793,0,0,0,0,0,0,0,0
2022-09-16,0,0,0,0,0,0,0,0,0,0,104.82633331556224,0,0,0,0,0,0,0,0
2022-09-19,0,0,0,0,0,0,0,0,0,0,105.00253674081888,0,0,0,0,0,0,0,0
2022-09-20,0,0,0,0,0,0,0,0,0,0,103.95524325422326,0,0,0,0,0,0,0,0
2022-09-21,0,0,0,0,0,0,0,0,0,0,104.34674138358454,0,0,0,0,0,0,0,0
2022-09-22,0,0,0,0,0,0,0,0,0,0,102.87859571343806,0,0,0,0,0,0,0,0
2022-09-23,0,0,0,0,0,0,0,0,0,0,102.58496025139925,0,0,0,0,0,0,0,0
2022-09-26,0,0,0,0,0,0,0,0,0,0,100.80357810970655,0,0,0,0,0,0,0,0
2022-09-27,0,0,0,0,0,0,0,0,0,0,99.28650901591074,0,0,0,0,0,0,0,0
2022-09-28,0,0,0,0,0,0,0,0,0,0,101.28319377171997,0,0,0,0,0,0,0,0
2022-09-29,0,0,0,0,0,0,0,0,0,0,100.52954365717508,0,0,0,0,0,0,0,0
2022-09-30,0,0,0,0,0,0,0,0,0,0,100.27505484406763,0,0,0,0,0,0,0,0
2022-10-03,0,0,0,0,0,0,0,0,0,0,102.13011083666892,0,0,0,0,0,0,0,0
2022-10-04,0,0,0,0,0,0,0,0,0,0,102.60148426627447,0,0,0,0,0,0,0,0
2022-10-05,0,0,0,0,0,0,0,0,0,0,101.82569402839982,0,0,0,0,0,0,0,0
2022-10-06,0,0,0,0,0,0,0,0,0,0,101.58998358356132,0,0,0,0,0,0,0,0
2022-10-07,0,0,0,0,0,0,0,0,0,0,100.57851454089582,0,0,0,0,0,0,0,0
2022-10-10,0,0,0,0,0,0,0,0,0,0,99.67505671083043,0,0,0,0,0,0,0,0
2022-10-11,0,0,0,0,0,0,0,0,0,0,99.46882688037203,0,0,0,0,0,0,0,0
2022-10-12,0,0,0,0,0,0,0,0,0,0,99.35098352297064,0,0,0,0,0,0,0,0
2022-10-13,0,0,0,0,0,0,0,0,0,0,99.52774855907272,0,0,0,0,0,0,0,0
2022-10-14,0,0,0,0,0,0,0,0,0,0,98.57520119510792,0,0,0,0,0,0,0,0
2022-10-17,0,0,0,0,0,0,0,0,0,0,99.04655880468968,0,0,0,0,0,0,0,0
2022-10-18,0,0,0,0,0,0,0,0,0,0,99.63576768168473,0,0,0,0,0,0,0,0
2022-10-19,0,0,0,0,0,0,0,0,0,0,98.27076065680312,0,0,0,0,0,0,0,0
2022-10-20,0,0,0,0,0,0,0,0,0,0,97.416400270649,0,0,0,0,0,0,0,0
2022-10-21,0,0,0,0,0,0,0,0,0,0,97.69136810458558,0,0,0,0,0,0,0,0
2022-10-24,0,0,0,0,0,0,0,0,0,0,97.6422706606743,0,0,0,0,0,0,0,0
2022-10-25,0,0,0,0,0,0,0,0,0,0,98.94835600685518,0,0,0,0,0,0,0,0
2022-10-26,0,0,0,0,0,0,0,0,0,0,99.40010469691767,0,0,0,0,0,0,0,0
2022-10-27,0,0,0,0,0,0,0,0,0,0,99.86164598172192,0,0,0,0,0,0,0,0
2022-10-28,0,0,0,0,0,0,0,0,0,0,100.06788372219222,0,0,0,0,0,0,0,0
2022-10-31,0,0,0,0,0,0,0,0,0,0,99.52774855907275,0,0,0,0,0,0,0,0
2022-11-01,0,0,0,0,0,0,0,0,0,0,100.24384193707972,0,0,0,0,0,0,0,0
2022-11-02,0,0,0,0,0,0,0,0,0,0,99.76118092048183,0,0,0,0,0,0,0,0
2022-11-03,0,0,0,0,0,0,0,0,0,0,99.40659881669394,0,0,0,0,0,0,0,0
2022-11-04,0,0,0,0,0,0,0,0,0,0,99.60359766325601,0,0,0,0,0,0,0,0
2022-11-07,0,0,0,0,0,0,0,0,0,0,99.23913595459535,0,0,0,0,0,0,0,0
2022-11-08,0,0,0,0,0,0,0,0,0,0,99.65283748738165,0,0,0,0,0,0,0,0
2022-11-09,0,0,0,0,0,0,0,0,0,0,99.39674294185691,0,0,0,0,0,0,0,0
2022-11-10,0,0,0,0,0,0,0,0,0,0,102.7260590438094,0,0,0,0,0,0,0,0
2022-11-11,0,0,0,0,0,0,0,0,0,0,103.00184160897246,0,0,0,0,0,0,0,0
2022-11-14,0,0,0,0,0,0,0,0,0,0,102.47979664308596,0,0,0,0,0,0,0,0
2022-11-15,0,0,0,0,0,0,0,0,0,0,103.90806003319366,0,0,0,0,0,0,0,0
2022-11-16,0,0,0,0,0,0,0,0,0,0,104.79458252776465,0,0,0,0,0,0,0,0
2022-11-17,0,0,0,0,0,0,0,0,0,0,104.2330982425062,0,0,0,0,0,0,0,0
2022-11-18,0,0,0,0,0,0,0,0,0,0,104.22325818769299,0,0,0,0,0,0,0,0
2022-11-21,0,0,0,0,0,0,0,0,0,0,104.06566702045525,0,0,0,0,0,0,0,0
2022-11-22,0,0,0,0,0,0,0,0,0,0,104.9915734643148,0,0,0,0,0,0,0,0
2022-11-23,0,0,0,0,0,0,0,0,0,0,106.0455192709248,0,0,0,0,0,0,0,0
2022-11-25,0,0,0,0,0,0,0,0,0,0,106.15387061403693,0,0,0,0,0,0,0,0
2022-11-28,0,0,0,0,0,0,0,0,0,0,105.385563247427,0,0,0,0,0,0,0,0
2022-11-29,0,0,0,0,0,0,0,0,0,0,104.86351828154052,0,0,0,0,0,0,0,0
2022-11-30,0,0,0,0,0,0,0,0,0,0,106.14401473919986,0,0,0,0,0,0,0,0
2022-12-01,0,0,0,0,0,0,0,0,0,0,107.47209782849615,0,0,0,0,0,0,0,0
2022-12-02,0,0,0,0,0,0,0,0,0,0,108.12428622030053,0,0,0,0,0,0,0,0
2022-12-05,0,0,0,0,0,0,0,0,0,0,107.20530103686026,0,0,0,0,0,0,0,0
2022-12-06,0,0,0,0,0,0,0,0,0,0,107.5313912777565,0,0,0,0,0,0,0,0
2022-12-07,0,0,0,0,0,0,0,0,0,0,108.72706076771736,0,0,0,0,0,0,0,0
2022-12-08,0,0,0,0,0,0,0,0,0,0,108.38121922708753,0,0,0,0,0,0,0,0
2022-12-09,0,0,0,0,0,0,0,0,0,0,107.57090969724753,0,0,0,0,0,0,0,0
2022-12-12,0,0,0,0,0,0,0,0,0,0,107.43257149899323,0,0,0,0,0,0,0,0
2022-12-13,0,0,0,0,0,0,0,0,0,0,108.37132380219094,0,0,0,0,0,0,0,0
2022-12-14,0,0,0,0,0,0,0,0,0,0,108.47013567094231,0,0,0,0,0,0,0,0
2022-12-15,0,0,0,0,0,0,0,0,0,0,108.56133810823847,0,0,0,0,0,0,0,0
2022-12-16,0,0,0,0,0,0,0,0,0,0,108.09549377695642,0,0,0,0,0,0,0,0
2022-12-19,0,0,0,0,0,0,0,0,0,0,107.00521728565418,0,0,0,0,0,0,0,0
2022-12-20,0,0,0,0,0,0,0,0,0,0,105.74644963070536,0,0,0,0,0,0,0,0
2022-12-21,0,0,0,0,0,0,0,0,0,0,106.4699863299175,0,0,0,0,0,0,0,0
2022-12-22,0,0,0,0,0,0,0,0,0,0,106.44026050516825,0,0,0,0,0,0,0,0
2022-12-23,0,0,0,0,0,0,0,0,0,0,106.11317360277165,0,0,0,0,0,0,0,0
2022-12-27,0,0,0,0,0,0,0,0,0,0,104.74538225369852,0,0,0,0,0,0,0,0
2022-12-28,0,0,0,0,0,0,0,0,0,0,104.4182953513019,0,0,0,0,0,0,0,0
2022-12-29,0,0,0,0,0,0,0,0,0,0,105.16166245036673,0,0,0,0,0,0,0,0
2022-12-30,0,0,0,0,0,0,0,0,0,0,104.49759322067693,0,0,0,0,0,0,0,0
2023-01-03,0,0,0,0,0,0,0,0,0,0,105.22112991988905,0,0,0,0,0,0,0,0
2023-01-04,0,0,0,0,0,0,0,0,0,0,105.98431159878277,0,0,0,0,0,0,0,0
2023-01-05,0,0,0,0,0,0,0,0,0,0,105.90502954943156,0,0,0,0,0,0,0,0
2023-01-06,0,0,0,0,0,0,0,0,0,0,107.63956069059473,0,0,0,0,0,0,0,0
2023-01-09,0,0,0,0,0,0,0,0,0,0,108.06574422217146,0,0,0,0,0,0,0,0
2023-01-10,0,0,0,0,0,0,0,0,0,0,107.69903607012898,0,0,0,0,0,0,0,0
2023-01-11,0,0,0,0,0,0,0,0,0,0,108.62080557776079,0,0,0,0,0,0,0,0
2023-01-12,0,0,0,0,0,0,0,0,0,0,109.84984740796037,0,0,0,0,0,0,0,0
2023-01-13,0,0,0,0,0,0,0,0,0,0,109.49302677080259,0,0,0,0,0,0,0,0
2023-01-17,0,0,0,0,0,0,0,0,0,0,109.09656115396325,0,0,0,0,0,0,0,0
2023-01-18,0,0,0,0,0,0,0,0,0,0,110.37515129875287,0,0,0,0,0,0,0,0
2023-01-19,0,0,0,0,0,0,0,0,0,0,110.14717684556013,0,0,0,0,0,0,0,0
2023-01-20,0,0,0,0,0,0,0,0,0,0,109.57231673016572,0,0,0,0,0,0,0,0
2023-01-23,0,0,0,0,0,0,0,0,0,0,109.25514898270139,0,0,0,0,0,0,0,0
2023-01-24,0,0,0,0,0,0,0,0,0,0,109.83000909809579,0,0,0,0,0,0,0,0
2023-01-25,0,0,0,0,0,0,0,0,0,0,109.87956532269772,0,0,0,0,0,0,0,0
2023-01-26,0,0,0,0,0,0,0,0,0,0,109.83992034301617,0,0,0,0,0,0,0,0
2023-01-27,0,0,0,0,0,0,0,0,0,0,109.52274468553993,0,0,0,0,0,0,0,0
2023-01-30,0,0,0,0,0,0,0,0,0,0,109.10647239888364,0,0,0,0,0,0,0,0
2023-01-31,0,0,0,0,0,0,0,0,0,0,109.88947656761813,0,0,0,0,0,0,0,0
2023-02-01,0,0,0,0,0,0,0,0,0,0,111.0049939069179,0,0,0,0,0,0,0,0
2023-02-02,0,0,0,0,0,0,0,0,0,0,111.1640721563943,0,0,0,0,0,0,0,0
2023-02-03,0,0,0,0,0,0,0,0,0,0,109.90142859561068,0,0,0,0,0,0,0,0
2023-02-06,0,0,0,0,0,0,0,0,0,0,109.0563229233886,0,0,0,0,0,0,0,0
2023-02-07,0,0,0,0,0,0,0,0,0,0,108.69840279457564,0,0,0,0,0,0,0,0
2023-02-08,0,0,0,0,0,0,0,0,0,0,108.80778243923577,0,0,0,0,0,0,0,0
2023-02-09,0,0,0,0,0,0,0,0,0,0,107.89309239226135,0,0,0,0,0,0,0,0
2023-02-10,0,0,0,0,0,0,0,0,0,0,107.13746477473953,0,0,0,0,0,0,0,0
2023-02-13,0,0,0,0,0,0,0,0,0,0,107.53515644342455,0,0,0,0,0,0,0,0
2023-02-14,0,0,0,0,0,0,0,0,0,0,107.26672227932376,0,0,0,0,0,0,0,0
2023-02-15,0,0,0,0,0,0,0,0,0,0,106.85908772567069,0,0,0,0,0,0,0,0
2023-02-16,0,0,0,0,0,0,0,0,0,0,106.00407080852823,0,0,0,0,0,0,0,0
2023-02-17,0,0,0,0,0,0,0,0,0,0,106.42163242712547,0,0,0,0,0,0,0,0
2023-02-21,0,0,0,0,0,0,0,0,0,0,104.91042465215331,0,0,0,0,0,0,0,0
2023-02-22,0,0,0,0,0,0,0,0,0,0,105.20867165113434,0,0,0,0,0,0,0,0
2023-02-23,0,0,0,0,0,0,0,0,0,0,106.03387573339657,0,0,0,0,0,0,0,0
2023-02-24,0,0,0,0,0,0,0,0,0,0,105.2385082160503,0,0,0,0,0,0,0,0
2023-02-27,0,0,0,0,0,0,0,0,0,0,105.26833687095437,0,0,0,0,0,0,0,0
2023-02-28,0,0,0,0,0,0,0,0,0,0,105.30810050081453,0,0,0,0,0,0,0,0
2023-03-01,0,0,0,0,0,0,0,0,0,0,104.65160906253233,0,0,0,0,0,0,0,0
2023-03-02,0,0,0,0,0,0,0,0,0,0,104.74140351770892,0,0,0,0,0,0,0,0
2023-03-03,0,0,0,0,0,0,0,0,0,0,105.92869630505946,0,0,0,0,0,0,0,0
2023-03-06,0,0,0,0,0,0,0,0,0,0,105.63934806947461,0,0,0,0,0,0,0,0
2023-03-07,0,0,0,0,0,0,0,0,0,0,105.34004112889795,0,0,0,0,0,0,0,0
2023-03-08,0,0,0,0,0,0,0,0,0,0,105.17041883354855,0,0,0,0,0,0,0,0
2023-03-09,0,0,0,0,0,0,0,0,0,0,105.0706419433444,0,0,0,0,0,0,0,0
2023-03-10,0,0,0,0,0,0,0,0,0,0,106.57721445133866,0,0,0,0,0,0,0,0
2023-03-13,0,0,0,0,0,0,0,0,0,0,106.66700890651526,0,0,0,0,0,0,0,0
2023-03-14,0,0,0,0,0,0,0,0,0,0,106.34774500589539,0,0,0,0,0,0,0,0
2023-03-15,0,0,0,0,0,0,0,0,0,0,107.36542340790845,0,0,0,0,0,0,0,0
2023-03-16,0,0,0,0,0,0,0,0,0,0,107.2057756375747,0,0,0,0,0,0,0,0
2023-03-17,0,0,0,0,0,0,0,0,0,0,107.74455027864603,0,0,0,0,0,0,0,0
2023-03-20,0,0,0,0,0,0,0,0,0,0,107.42527055800235,0,0,0,0,0,0,0,0
2023-03-21,0,0,0,0,0,0,0,0,0,0,107.9441040590543,0,0,0,0,0,0,0,0
2023-03-22,0,0,0,0,0,0,0,0,0,0,108.57266524529031,0,0,0,0,0,0,0,0
2023-03-23,0,0,0,0,0,0,0,0,0,0,108.88195462089453,0,0,0,0,0,0,0,0
2023-03-24,0,0,0,0,0,0,0,0,0,0,109.22120712160525,0,0,0,0,0,0,0,0
2023-03-27,0,0,0,0,0,0,0,0,0,0,107.91416466398353,0,0,0,0,0,0,0,0
2023-03-28,0,0,0,0,0,0,0,0,0,0,107.73457575363038,0,0,0,0,0,0,0,0
2023-03-29,0,0,0,0,0,0,0,0,0,0,108.23344438462722,0,0,0,0,0,0,0,0
2023-03-30,0,0,0,0,0,0,0,0,0,0,108.38310180992151,0,0,0,0,0,0,0,0
2023-03-31,0,0,0,0,0,0,0,0,0,0,109.36087420186006,0,0,0,0,0,0,0,0
2023-04-03,0,0,0,0,0,0,0,0,0,0,110.02142347625092,0,0,0,0,0,0,0,0
2023-04-04,0,0,0,0,0,0,0,0,0,0,110.16153351717259,0,0,0,0,0,0,0,0
2023-04-05,0,0,0,0,0,0,0,0,0,0,110.52183455956978,0,0,0,0,0,0,0,0
2023-04-06,0,0,0,0,0,0,0,0,0,0,110.42175708891315,0,0,0,0,0,0,0,0
2023-04-10,0,0,0,0,0,0,0,0,0,0,109.9113082004834,0,0,0,0,0,0,0,0
2023-04-11,0,0,0,0,0,0,0,0,0,0,109.88130552531737,0,0,0,0,0,0,0,0
2023-04-12,0,0,0,0,0,0,0,0,0,0,109.65111626879046,0,0,0,0,0,0,0,0
2023-04-13,0,0,0,0,0,0,0,0,0,0,109.84127295505236,0,0,0,0,0,0,0,0
2023-04-14,0,0,0,0,0,0,0,0,0,0,109.48097191265518,0,0,0,0,0,0,0,0
2023-04-17,0,0,0,0,0,0,0,0,0,0,108.79040414307444,0,0,0,0,0,0,0,0
2023-04-18,0,0,0,0,0,0,0,0,0,0,109.15070518547165,0,0,0,0,0,0,0,0
2023-04-19,0,0,0,0,0,0,0,0,0,0,108.61025362187584,0,0,0,0,0,0,0,0
2023-04-20,0,0,0,0,0,0,0,0,0,0,109.02058548958942,0,0,0,0,0,0,0,0
2023-04-21,0,0,0,0,0,0,0,0,0,0,109.09064446505619,0,0,0,0,0,0,0,0
2023-04-24,0,0,0,0,0,0,0,0,0,0,109.57104321824848,0,0,0,0,0,0,0,0
2023-04-25,0,0,0,0,0,0,0,0,0,0,110.05144197144077,0,0,0,0,0,0,0,0
2023-04-26,0,0,0,0,0,0,0,0,0,0,109.57104321824849,0,0,0,0,0,0,0,0
2023-04-27,0,0,0,0,0,0,0,0,0,0,109.17070960558627,0,0,0,0,0,0,0,0
2023-04-28,0,0,0,0,0,0,0,0,0,0,110.0214234762509,0,0,0,0,0,0,0,0
2023-05-01,0,0,0,0,0,0,0,0,0,0,108.24595011345332,0,0,0,0,0,0,0,0
2023-05-02,0,0,0,0,0,0,0,0,0,0,109.55144220874111,0,0,0,0,0,0,0,0
2023-05-03,0,0,0,0,0,0,0,0,0,0,109.73219389084468,0,0,0,0,0,0,0,0
2023-05-04,0,0,0,0,0,0,0,0,0,0,109.43094108733872,0,0,0,0,0,0,0,0
2023-05-05,0,0,0,0,0,0,0,0,0,0,108.9991256272837,0,0,0,0,0,0,0,0
2023-05-08,0,0,0,0,0,0,0,0,0,0,108.21582087809675,0,0,0,0,0,0,0,0
2023-05-09,0,0,0,0,0,0,0,0,0,0,108.17564592761738,0,0,0,0,0,0,0,0
2023-05-10,0,0,0,0,0,0,0,0,0,0,109.02923904261645,0,0,0,0,0,0,0,0
2023-05-11,0,0,0,0,0,0,0,0,0,0,109.45101669756056,0,0,0,0,0,0,0,0
2023-05-12,0,0,0,0,0,0,0,0,0,0,108.77819108468887,0,0,0,0,0,0,0,0
2023-05-15,0,0,0,0,0,0,0,0,0,0,108.19573735786305,0,0,0,0,0,0,0,0
2023-05-16,0,0,0,0,0,0,0,0,0,0,107.65345067150466,0,0,0,0,0,0,0,0
2023-05-17,0,0,0,0,0,0,0,0,0,0,107.64342077640566,0,0,0,0,0,0,0,0
2023-05-18,0,0,0,0,0,0,0,0,0,0,107.19148224605739,0,0,0,0,0,0,0,0
2023-05-19,0,0,0,0,0,0,0,0,0,0,107.06095122955603,0,0,0,0,0,0,0,0
2023-05-22,0,0,0,0,0,0,0,0,0,0,107.02078418908856,0,0,0,0,0,0,0,0
2023-05-23,0,0,0,0,0,0,0,0,0,0,107.24171082167149,0,0,0,0,0,0,0,0
2023-05-24,0,0,0,0,0,0,0,0,0,0,106.81994107673933,0,0,0,0,0,0,0,0
2023-05-25,0,0,0,0,0,0,0,0,0,0,106.46844387759546,0,0,0,0,0,0,0,0
2023-05-26,0,0,0,0,0,0,0,0,0,0,106.9203665879199,0,0,0,0,0,0,0,0
2023-05-30,0,0,0,0,0,0,0,0,0,0,107.72373903731678,0,0,0,0,0,0,0,0
2023-05-31,0,0,0,0,0,0,0,0,0,0,108.07522832644878,0,0,0,0,0,0,0,0
2023-06-01,0,0,0,0,0,0,0,0,0,0,108.40669737544229,0,0,0,0,0,0,0,0
2023-06-02,0,0,0,0,0,0,0,0,0,0,108.11450944558257,0,0,0,0,0,0,0,0
2023-06-05,0,0,0,0,0,0,0,0,0,0,107.88279355675748,0,0,0,0,0,0,0,0
2023-06-06,0,0,0,0,0,0,0,0,0,0,108.09436264525357,0,0,0,0,0,0,0,0
2023-06-07,0,0,0,0,0,0,0,0,0,0,107.12716593923565,0,0,0,0,0,0,0,0
2023-06-08,0,0,0,0,0,0,0,0,0,0,107.84249995609947,0,0,0,0,0,0,0,0
2023-06-09,0,0,0,0,0,0,0,0,0,0,107.5603893814102,0,0,0,0,0,0,0,0
2023-06-12,0,0,0,0,0,0,0,0,0,0,107.90294035708645,0,0,0,0,0,0,0,0
2023-06-13,0,0,0,0,0,0,0,0,0,0,107.41934595908343,0,0,0,0,0,0,0,0
2023-06-14,0,0,0,0,0,0,0,0,0,0,107.75181166957732,0,0,0,0,0,0,0,0
2023-06-15,0,0,0,0,0,0,0,0,0,0,108.68879213010771,0,0,0,0,0,0,0,0
2023-06-16,0,0,0,0,0,0,0,0,0,0,108.4973619319287,0,0,0,0,0,0,0,0
2023-06-20,0,0,0,0,0,0,0,0,0,0,108.8902996834572,0,0,0,0,0,0,0,0
2023-06-21,0,0,0,0,0,0,0,0,0,0,108.76939515144751,0,0,0,0,0,0,0,0
2023-06-22,0,0,0,0,0,0,0,0,0,0,108.20519773210471,0,0,0,0,0,0,0,0
2023-06-23,0,0,0,0,0,0,0,0,0,0,108.50743928709917,0,0,0,0,0,0,0,0
2023-06-26,0,0,0,0,0,0,0,0,0,0,108.62834381910884,0,0,0,0,0,0,0,0
2023-06-27,0,0,0,0,0,0,0,0,0,0,108.50743928709916,0,0,0,0,0,0,0,0
2023-06-28,0,0,0,0,0,0,0,0,0,0,108.9809563299317,0,0,0,0,0,0,0,0
2023-06-29,0,0,0,0,0,0,0,0,0,0,108.15481886626436,0,0,0,0,0,0,0,0
2023-06-30,0,0,0,0,0,0,0,0,0,0,108.95074799445607,0,0,0,0,0,0,0,0
2023-07-03,0,0,0,0,0,0,0,0,0,0,108.64550063493668,0,0,0,0,0,0,0,0
2023-07-05,0,0,0,0,0,0,0,0,0,0,107.86722665332303,0,0,0,0,0,0,0,0
2023-07-06,0,0,0,0,0,0,0,0,0,0,106.77560545999647,0,0,0,0,0,0,0,0
2023-07-07,0,0,0,0,0,0,0,0,0,0,106.67453132783949,0,0,0,0,0,0,0,0
2023-07-10,0,0,0,0,0,0,0,0,0,0,107.23044696471491,0,0,0,0,0,0,0,0
2023-07-11,0,0,0,0,0,0,0,0,0,0,107.73580971548799,0,0,0,0,0,0,0,0
2023-07-12,0,0,0,0,0,0,0,0,0,0,108.68592079578524,0,0,0,0,0,0,0,0
2023-07-13,0,0,0,0,0,0,0,0,0,0,109.45409369219271,0,0,0,0,0,0,0,0
2023-07-14,0,0,0,0,0,0,0,0,0,0,108.6050646540644,0,0,0,0,0,0,0,0
2023-07-17,0,0,0,0,0,0,0,0,0,0,108.78700283795415,0,0,0,0,0,0,0,0
2023-07-18,0,0,0,0,0,0,0,0,0,0,109.0598982487709,0,0,0,0,0,0,0,0
2023-07-19,0,0,0,0,0,0,0,0,0,0,109.67645994694288,0,0,0,0,0,0,0,0
2023-07-20,0,0,0,0,0,0,0,0,0,0,108.93861403618965,0,0,0,0,0,0,0,0
2023-07-21,0,0,0,0,0,0,0,0,0,0,109.13065330528556,0,0,0,0,0,0,0,0
2023-07-24,0,0,0,0,0,0,0,0,0,0,108.99926009748621,0,0,0,0,0,0,0,0
2023-07-25,0,0,0,0,0,0,0,0,0,0,108.82742299880265,0,0,0,0,0,0,0,0
2023-07-26,0,0,0,0,0,0,0,0,0,0,109.33280156959954,0,0,0,0,0,0,0,0
2023-07-27,0,0,0,0,0,0,0,0,0,0,107.99861986112239,0,0,0,0,0,0,0,0
2023-07-28,0,0,0,0,0,0,0,0,0,0,108.7061387862214,0,0,0,0,0,0,0,0
2023-07-31,0,0,0,0,0,0,0,0,0,0,109.00936118269237,0,0,0,0,0,0,0,0
2023-08-01,0,0,0,0,0,0,0,0,0,0,107.9231346174869,0,0,0,0,0,0,0,0
2023-08-02,0,0,0,0,0,0,0,0,0,0,107.2638904950608,0,0,0,0,0,0,0,0
2023-08-03,0,0,0,0,0,0,0,0,0,0,106.30038776460377,0,0,0,0,0,0,0,0
2023-08-04,0,0,0,0,0,0,0,0,0,0,107.4058910288284,0,0,0,0,0,0,0,0
2023-08-07,0,0,0,0,0,0,0,0,0,0,107.14218705184842,0,0,0,0,0,0,0,0
2023-08-08,0,0,0,0,0,0,0,0,0,0,107.56816492311552,0,0,0,0,0,0,0,0
2023-08-09,0,0,0,0,0,0,0,0,0,0,107.66960291582028,0,0,0,0,0,0,0,0
2023-08-10,0,0,0,0,0,0,0,0,0,0,106.90892080068942,0,0,0,0,0,0,0,0
